SpecializationType,BuildingYield,IncludePopulation,IncludeDefense,IncludeMilitaryUnits,IncludeTradeUnits,PrioritizationYield,PriorityOffset
BUILD_FOR_FOOD,YIELD_FOOD,1,0,0,0,YIELD_FOOD,0
BUILD_FOR_PRODUCTION,YIELD_PRODUCTION,0,0,0,0,YIELD_PRODUCTION,0
BUILD_FOR_GOLD,YIELD_GOLD,0,0,0,0,YIELD_GOLD,0
BUILD_FOR_SCIENCE,YIELD_SCIENCE,0,0,0,0,YIELD_SCIENCE,0
BUILD_FOR_CULTURE,YIELD_CULTURE,0,0,0,0,YIELD_CULTURE,0
BUILD_FOR_FAITH,YIELD_FAITH,0,0,0,0,YIELD_FAITH,0
BUILD_CITY_DEFENSES,,0,1,0,0,YIELD_PRODUCTION,0
BUILD_MILITARY_UNITS,,0,0,1,0,YIELD_PRODUCTION,0
BUILD_TRADE_UNITS,,0,0,0,1,YIELD_GOLD,0
