ID,CivilizationType,LeaderType,ContinentType,CityName,SortIndex
1,CIVILIZATION_AMERICA,,,LOC_CITY_NAME_WASHINGTON,0
2,CIVILIZATION_AMERICA,,,LOC_CITY_NAME_NEW_YORK,0
3,CIVILIZATION_AMERICA,,,LOC_CITY_NAME_PHILADELPHIA,0
4,CIVILIZATION_AMERICA,,,LOC_CITY_NAME_BOSTON,0
5,CIVILIZATION_AMERICA,,,LOC_CITY_NAME_BALTIMORE,0
6,CIVILIZATION_AMERICA,,,LOC_CITY_NAME_CHARLESTON,0
7,CIVILIZATION_AMERICA,,,LOC_CITY_NAME_NEW_ORLEANS,0
8,CIVILIZATION_AMERICA,,,LOC_CITY_NAME_CINCINNATI,0
9,CIVILIZATION_AMERICA,,,LOC_CITY_NAME_LOS_ANGELES,0
10,CIVILIZATION_AMERICA,,,LOC_CITY_NAME_ST_LOUIS,0
11,CIVILIZATION_AMERICA,,,LOC_CITY_NAME_CHICAGO,0
12,CIVILIZATION_AMERICA,,,LOC_CITY_NAME_BUFFALO,0
13,CIVILIZATION_AMERICA,,,LOC_CITY_NAME_SAN_FRANCISCO,0
14,CIVILIZATION_AMERICA,,,LOC_CITY_NAME_CLEVELAND,0
15,CIVILIZATION_AMERICA,,,LOC_CITY_NAME_DETROIT,0
16,CIVILIZATION_AMERICA,,,LOC_CITY_NAME_HOUSTON,0
17,CIVILIZATION_AMERICA,,,LOC_CITY_NAME_ATLANTA,0
18,CIVILIZATION_AMERICA,,,LOC_CITY_NAME_DALLAS,0
19,CIVILIZATION_AMERICA,,,LOC_CITY_NAME_SAN_DIEGO,0
20,CIVILIZATION_AMERICA,,,LOC_CITY_NAME_PHOENIX,0
21,CIVILIZATION_AMERICA,,,LOC_CITY_NAME_SAN_ANTONIO,0
22,CIVILIZATION_AMERICA,,,LOC_CITY_NAME_SAN_JOSE,0
23,CIVILIZATION_AMERICA,,,LOC_CITY_NAME_SEATTLE,0
24,CIVILIZATION_AMERICA,,,LOC_CITY_NAME_PORTLAND,0
25,CIVILIZATION_AMERICA,,,LOC_CITY_NAME_MIAMI,0
26,CIVILIZATION_AMERICA,,,LOC_CITY_NAME_DENVER,0
27,CIVILIZATION_AMERICA,,,LOC_CITY_NAME_JACKSONVILLE,0
28,CIVILIZATION_AMERICA,,,LOC_CITY_NAME_KANSAS_CITY,0
29,CIVILIZATION_AMERICA,,,LOC_CITY_NAME_RICHMOND,0
30,CIVILIZATION_AMERICA,,,LOC_CITY_NAME_PITTSBURGH,0
31,CIVILIZATION_AMERICA,,,LOC_CITY_NAME_LAS_VEGAS,0
32,CIVILIZATION_AMERICA,,,LOC_CITY_NAME_ALBUQUERQUE,0
33,CIVILIZATION_AMERICA,,,LOC_CITY_NAME_MINNEAPOLIS,0
34,CIVILIZATION_AMERICA,,,LOC_CITY_NAME_SPARKS,0
35,CIVILIZATION_AMERICA,,,LOC_CITY_NAME_NASHVILLE,0
36,CIVILIZATION_AMERICA,,,LOC_CITY_NAME_SAN_JUAN,0
37,CIVILIZATION_AMERICA,,,LOC_CITY_NAME_PROVIDENCE,0
38,CIVILIZATION_AMERICA,,,LOC_CITY_NAME_SPRINGFIELD,0
39,CIVILIZATION_AMERICA,,,LOC_CITY_NAME_BOISE,0
40,CIVILIZATION_AMERICA,,,LOC_CITY_NAME_CENTRALIA,0
41,CIVILIZATION_ARABIA,,,LOC_CITY_NAME_MECCA,0
42,CIVILIZATION_ARABIA,,,LOC_CITY_NAME_CAIRO,0
43,CIVILIZATION_ARABIA,,,LOC_CITY_NAME_MEDINA,0
44,CIVILIZATION_ARABIA,,,LOC_CITY_NAME_DAMASCUS,0
45,CIVILIZATION_ARABIA,,,LOC_CITY_NAME_BAGHDAD,0
46,CIVILIZATION_ARABIA,,,LOC_CITY_NAME_ALEPPO,0
47,CIVILIZATION_ARABIA,,,LOC_CITY_NAME_SANAA,0
48,CIVILIZATION_ARABIA,,,LOC_CITY_NAME_HATTIN,0
49,CIVILIZATION_ARABIA,,,LOC_CITY_NAME_DAMIETTA,0
50,CIVILIZATION_ARABIA,,,LOC_CITY_NAME_HOMS,0
51,CIVILIZATION_ARABIA,,,LOC_CITY_NAME_JEDDAH,0
52,CIVILIZATION_ARABIA,,,LOC_CITY_NAME_HALAB,0
53,CIVILIZATION_ARABIA,,,LOC_CITY_NAME_ADEN,0
54,CIVILIZATION_ARABIA,,,LOC_CITY_NAME_BARQAH,0
55,CIVILIZATION_ARABIA,,,LOC_CITY_NAME_AR_RAQQAH,0
56,CIVILIZATION_ARABIA,,,LOC_CITY_NAME_TRIPOLI,0
57,CIVILIZATION_ARABIA,,,LOC_CITY_NAME_AYDHAB,0
58,CIVILIZATION_ARABIA,,,LOC_CITY_NAME_TAIF,0
59,CIVILIZATION_ARABIA,,,LOC_CITY_NAME_TABUK,0
60,CIVILIZATION_ARABIA,,,LOC_CITY_NAME_HAMA,0
61,CIVILIZATION_ARABIA,,,LOC_CITY_NAME_AL_BAB,0
62,CIVILIZATION_ARABIA,,,LOC_CITY_NAME_SUEZ,0
63,CIVILIZATION_ARABIA,,,LOC_CITY_NAME_AQABA,0
64,CIVILIZATION_ARABIA,,,LOC_CITY_NAME_TAIZZ,0
65,CIVILIZATION_ARABIA,,,LOC_CITY_NAME_AL_QUNFUDHAH,0
66,CIVILIZATION_ARABIA,,,LOC_CITY_NAME_ZABID,0
67,CIVILIZATION_ARABIA,,,LOC_CITY_NAME_BILBEIS,0
68,CIVILIZATION_ARABIA,,,LOC_CITY_NAME_AL_KARAK,0
69,CIVILIZATION_ARABIA,,,LOC_CITY_NAME_AYLA,0
70,CIVILIZATION_ARABIA,,,LOC_CITY_NAME_IRBID,0
71,CIVILIZATION_BRAZIL,,,LOC_CITY_NAME_RIO_DE_JANEIRO,0
72,CIVILIZATION_BRAZIL,,,LOC_CITY_NAME_SAO_PAULO,0
73,CIVILIZATION_BRAZIL,,,LOC_CITY_NAME_SALVADOR,0
74,CIVILIZATION_BRAZIL,,,LOC_CITY_NAME_BRASILIA,0
75,CIVILIZATION_BRAZIL,,,LOC_CITY_NAME_FORTALEZA,0
76,CIVILIZATION_BRAZIL,,,LOC_CITY_NAME_MANAUS,0
77,CIVILIZATION_BRAZIL,,,LOC_CITY_NAME_CURITIBA,0
78,CIVILIZATION_BRAZIL,,,LOC_CITY_NAME_RECIFE,0
79,CIVILIZATION_BRAZIL,,,LOC_CITY_NAME_PORTO_ALEGRE,0
80,CIVILIZATION_BRAZIL,,,LOC_CITY_NAME_BELEM,0
81,CIVILIZATION_BRAZIL,,,LOC_CITY_NAME_GUARULHOS,0
82,CIVILIZATION_BRAZIL,,,LOC_CITY_NAME_NATAL,0
83,CIVILIZATION_BRAZIL,,,LOC_CITY_NAME_CAMPINAS,0
84,CIVILIZATION_BRAZIL,,,LOC_CITY_NAME_SAO_LUIS,0
85,CIVILIZATION_BRAZIL,,,LOC_CITY_NAME_MACEIO,0
108,CIVILIZATION_CHINA,,,LOC_CITY_NAME_XIAN,0
109,CIVILIZATION_CHINA,,,LOC_CITY_NAME_BEIJING,0
110,CIVILIZATION_CHINA,,,LOC_CITY_NAME_TAIYUAN,0
111,CIVILIZATION_CHINA,,,LOC_CITY_NAME_CHENGDU,0
112,CIVILIZATION_CHINA,,,LOC_CITY_NAME_JIAODONG,0
113,CIVILIZATION_CHINA,,,LOC_CITY_NAME_CHANGSHA,0
114,CIVILIZATION_CHINA,,,LOC_CITY_NAME_LONGXI,0
115,CIVILIZATION_CHINA,,,LOC_CITY_NAME_GUANGZHOU,0
116,CIVILIZATION_CHINA,,,LOC_CITY_NAME_HANDAN,0
117,CIVILIZATION_CHINA,,,LOC_CITY_NAME_SHENYANG,0
118,CIVILIZATION_CHINA,,,LOC_CITY_NAME_SHANGHAI,0
119,CIVILIZATION_CHINA,,,LOC_CITY_NAME_WUHAN,0
120,CIVILIZATION_CHINA,,,LOC_CITY_NAME_YIYANG,0
121,CIVILIZATION_CHINA,,,LOC_CITY_NAME_XIURONG,0
122,CIVILIZATION_CHINA,,,LOC_CITY_NAME_CHEN,0
123,CIVILIZATION_CHINA,,,LOC_CITY_NAME_XINGZHOU,0
124,CIVILIZATION_CHINA,,,LOC_CITY_NAME_QUXIAN,0
125,CIVILIZATION_CHINA,,,LOC_CITY_NAME_NANJING,0
126,CIVILIZATION_CHINA,,,LOC_CITY_NAME_LANGFANG,0
127,CIVILIZATION_CHINA,,,LOC_CITY_NAME_LINZI,0
128,CIVILIZATION_CHINA,,,LOC_CITY_NAME_JIUJIANG,0
129,CIVILIZATION_CHINA,,,LOC_CITY_NAME_KAIFENG,0
130,CIVILIZATION_CHINA,,,LOC_CITY_NAME_XUZHOU,0
131,CIVILIZATION_CHINA,,,LOC_CITY_NAME_HEFEI,0
132,CIVILIZATION_CHINA,,,LOC_CITY_NAME_XINZHENG,0
133,CIVILIZATION_CHINA,,,LOC_CITY_NAME_LUAN,0
134,CIVILIZATION_CHINA,,,LOC_CITY_NAME_QUFU,0
135,CIVILIZATION_CHINA,,,LOC_CITY_NAME_JIANGZHOU,0
137,CIVILIZATION_CHINA,,,LOC_CITY_NAME_YINGCHUAN,0
138,CIVILIZATION_EGYPT,,,LOC_CITY_NAME_RA_KEDET,0
139,CIVILIZATION_EGYPT,,,LOC_CITY_NAME_THEBES,0
140,CIVILIZATION_EGYPT,,,LOC_CITY_NAME_MEMPHIS,0
141,CIVILIZATION_EGYPT,,,LOC_CITY_NAME_AKHETATEN,0
142,CIVILIZATION_EGYPT,,,LOC_CITY_NAME_SHEDET,0
143,CIVILIZATION_EGYPT,,,LOC_CITY_NAME_IWNW,0
144,CIVILIZATION_EGYPT,,,LOC_CITY_NAME_SWENETT,0
145,CIVILIZATION_EGYPT,,,LOC_CITY_NAME_NEKHEN,0
146,CIVILIZATION_EGYPT,,,LOC_CITY_NAME_SAIS,0
147,CIVILIZATION_EGYPT,,,LOC_CITY_NAME_ABYDOS,0
148,CIVILIZATION_EGYPT,,,LOC_CITY_NAME_APU,0
149,CIVILIZATION_EGYPT,,,LOC_CITY_NAME_EDFU,0
150,CIVILIZATION_EGYPT,,,LOC_CITY_NAME_MENDES,0
151,CIVILIZATION_EGYPT,,,LOC_CITY_NAME_SENA,0
152,CIVILIZATION_EGYPT,,,LOC_CITY_NAME_CYRENE,0
153,CIVILIZATION_EGYPT,,,LOC_CITY_NAME_BUTO,0
154,CIVILIZATION_EGYPT,,,LOC_CITY_NAME_GIZA,0
155,CIVILIZATION_EGYPT,,,LOC_CITY_NAME_KHMUN,0
156,CIVILIZATION_EGYPT,,,LOC_CITY_NAME_ASYUT,0
157,CIVILIZATION_EGYPT,,,LOC_CITY_NAME_PITHOM,0
158,CIVILIZATION_EGYPT,,,LOC_CITY_NAME_PIEMRO,0
159,CIVILIZATION_EGYPT,,,LOC_CITY_NAME_BUSIRIS,0
160,CIVILIZATION_EGYPT,,,LOC_CITY_NAME_ORYX,0
161,CIVILIZATION_EGYPT,,,LOC_CITY_NAME_HUT_HERYIB,0
162,CIVILIZATION_EGYPT,,,LOC_CITY_NAME_TANIS,0
163,CIVILIZATION_EGYPT,,,LOC_CITY_NAME_PER_BAST,0
164,CIVILIZATION_EGYPT,,,LOC_CITY_NAME_THIS,0
165,CIVILIZATION_EGYPT,,,LOC_CITY_NAME_ARSINOE,0
166,CIVILIZATION_EGYPT,,,LOC_CITY_NAME_TJEBNUTJER,0
167,CIVILIZATION_EGYPT,,,LOC_CITY_NAME_AKHMIM,0
168,CIVILIZATION_EGYPT,,,LOC_CITY_NAME_KARNAK,0
169,CIVILIZATION_ENGLAND,,,LOC_CITY_NAME_LONDON,0
170,CIVILIZATION_ENGLAND,,,LOC_CITY_NAME_LIVERPOOL,0
171,CIVILIZATION_ENGLAND,,,LOC_CITY_NAME_MANCHESTER,0
172,CIVILIZATION_ENGLAND,,,LOC_CITY_NAME_BIRMINGHAM,0
173,CIVILIZATION_ENGLAND,,,LOC_CITY_NAME_LEEDS,0
174,CIVILIZATION_ENGLAND,,,LOC_CITY_NAME_SHEFFIELD,0
175,CIVILIZATION_ENGLAND,,,LOC_CITY_NAME_BRISTOL,0
176,CIVILIZATION_ENGLAND,,,LOC_CITY_NAME_PLYMOUTH,0
177,CIVILIZATION_ENGLAND,,,LOC_CITY_NAME_NEWCASTLE_UPON_TYNE,0
178,CIVILIZATION_ENGLAND,,,LOC_CITY_NAME_BRADFORD,0
179,CIVILIZATION_ENGLAND,,,LOC_CITY_NAME_STOKE_UPON_TRENT,0
180,CIVILIZATION_ENGLAND,,,LOC_CITY_NAME_HULL,0
181,CIVILIZATION_ENGLAND,,,LOC_CITY_NAME_PORTSMOUTH,0
182,CIVILIZATION_ENGLAND,,,LOC_CITY_NAME_PRESTON,0
183,CIVILIZATION_ENGLAND,,,LOC_CITY_NAME_SUNDERLAND,0
184,CIVILIZATION_ENGLAND,,,LOC_CITY_NAME_BRIGHTON,0
185,CIVILIZATION_ENGLAND,,,LOC_CITY_NAME_NORWICH,0
186,CIVILIZATION_ENGLAND,,,LOC_CITY_NAME_NOTTINGHAM,0
187,CIVILIZATION_ENGLAND,,,LOC_CITY_NAME_YORK,0
188,CIVILIZATION_ENGLAND,,,LOC_CITY_NAME_LEICESTER,0
189,CIVILIZATION_ENGLAND,,,LOC_CITY_NAME_BLACKBURN,0
190,CIVILIZATION_ENGLAND,,,LOC_CITY_NAME_WOLVERHAMPTON,0
191,CIVILIZATION_ENGLAND,,,LOC_CITY_NAME_BATH,0
192,CIVILIZATION_ENGLAND,,,LOC_CITY_NAME_COVENTRY,0
193,CIVILIZATION_ENGLAND,,,LOC_CITY_NAME_EXETER,0
194,CIVILIZATION_ENGLAND,,,LOC_CITY_NAME_LINCOLN,0
195,CIVILIZATION_ENGLAND,,,LOC_CITY_NAME_CANTERBURY,0
196,CIVILIZATION_ENGLAND,,,LOC_CITY_NAME_IPSWICH,0
197,CIVILIZATION_ENGLAND,,,LOC_CITY_NAME_DOVER,0
198,CIVILIZATION_ENGLAND,,,LOC_CITY_NAME_HASTINGS,0
199,CIVILIZATION_ENGLAND,,,LOC_CITY_NAME_OXFORD,0
200,CIVILIZATION_ENGLAND,,,LOC_CITY_NAME_SHREWSBURY,0
201,CIVILIZATION_ENGLAND,,,LOC_CITY_NAME_CAMBRIDGE,0
202,CIVILIZATION_FRANCE,,,LOC_CITY_NAME_PARIS,0
203,CIVILIZATION_FRANCE,,,LOC_CITY_NAME_LYON,0
204,CIVILIZATION_FRANCE,,,LOC_CITY_NAME_ROUEN,0
205,CIVILIZATION_FRANCE,,,LOC_CITY_NAME_BORDEAUX,0
206,CIVILIZATION_FRANCE,,,LOC_CITY_NAME_MARSEILLE,0
207,CIVILIZATION_FRANCE,,,LOC_CITY_NAME_TOULOUSE,0
208,CIVILIZATION_FRANCE,,,LOC_CITY_NAME_LA_ROCHELLE,0
209,CIVILIZATION_FRANCE,,,LOC_CITY_NAME_AMBOISE,0
210,CIVILIZATION_FRANCE,,,LOC_CITY_NAME_NANTES,0
211,CIVILIZATION_FRANCE,,,LOC_CITY_NAME_RENNES,0
212,CIVILIZATION_FRANCE,,,LOC_CITY_NAME_CALAIS,0
213,CIVILIZATION_FRANCE,,,LOC_CITY_NAME_RHEIMS,0
214,CIVILIZATION_FRANCE,,,LOC_CITY_NAME_AVIGNON,0
215,CIVILIZATION_FRANCE,,,LOC_CITY_NAME_BOULOGNE,0
216,CIVILIZATION_FRANCE,,,LOC_CITY_NAME_DIJON,0
217,CIVILIZATION_FRANCE,,,LOC_CITY_NAME_MONTPELLIER,0
218,CIVILIZATION_FRANCE,,,LOC_CITY_NAME_LIMOGES,0
219,CIVILIZATION_FRANCE,,,LOC_CITY_NAME_CHARTRES,0
220,CIVILIZATION_FRANCE,,,LOC_CITY_NAME_BLOIS,0
221,CIVILIZATION_FRANCE,,,LOC_CITY_NAME_TOURS,0
222,CIVILIZATION_FRANCE,,,LOC_CITY_NAME_VERDUN,0
223,CIVILIZATION_FRANCE,,,LOC_CITY_NAME_GRENOBLE,0
224,CIVILIZATION_FRANCE,,,LOC_CITY_NAME_JARNAC,0
225,CIVILIZATION_FRANCE,,,LOC_CITY_NAME_AMIENS,0
226,CIVILIZATION_FRANCE,,,LOC_CITY_NAME_TROYES,0
227,CIVILIZATION_FRANCE,,,LOC_CITY_NAME_DIEPPE,0
228,CIVILIZATION_FRANCE,,,LOC_CITY_NAME_TOUL,0
229,CIVILIZATION_FRANCE,,,LOC_CITY_NAME_BRIANCON,0
230,CIVILIZATION_FRANCE,,,LOC_CITY_NAME_METZ,0
231,CIVILIZATION_FRANCE,,,LOC_CITY_NAME_MONTELIMAR,0
232,CIVILIZATION_FRANCE,,,LOC_CITY_NAME_CARCASSONNE,0
233,CIVILIZATION_FRANCE,,,LOC_CITY_NAME_GAP,0
234,CIVILIZATION_FRANCE,,,LOC_CITY_NAME_ALBA_LA_ROMAINE,0
235,CIVILIZATION_GERMANY,,,LOC_CITY_NAME_BERLIN,0
236,CIVILIZATION_GERMANY,,,LOC_CITY_NAME_COLOGNE,0
237,CIVILIZATION_GERMANY,,,LOC_CITY_NAME_FRANKFURT,0
238,CIVILIZATION_GERMANY,,,LOC_CITY_NAME_AACHEN,0
239,CIVILIZATION_GERMANY,,,LOC_CITY_NAME_MAGDEBURG,0
240,CIVILIZATION_GERMANY,,,LOC_CITY_NAME_MAINZ,0
241,CIVILIZATION_GERMANY,,,LOC_CITY_NAME_HEIDELBERG,0
242,CIVILIZATION_GERMANY,,,LOC_CITY_NAME_TRIER,0
243,CIVILIZATION_GERMANY,,,LOC_CITY_NAME_ULM,0
244,CIVILIZATION_GERMANY,,,LOC_CITY_NAME_HAMBURG,0
245,CIVILIZATION_GERMANY,,,LOC_CITY_NAME_DORTMUND,0
246,CIVILIZATION_GERMANY,,,LOC_CITY_NAME_NUREMBERG,0
247,CIVILIZATION_GERMANY,,,LOC_CITY_NAME_BREMEN,0
248,CIVILIZATION_GERMANY,,,LOC_CITY_NAME_AUGSBURG,0
249,CIVILIZATION_GERMANY,,,LOC_CITY_NAME_MUNSTER,0
250,CIVILIZATION_GERMANY,,,LOC_CITY_NAME_REGENSBURG,0
251,CIVILIZATION_GERMANY,,,LOC_CITY_NAME_ERFURT,0
252,CIVILIZATION_GERMANY,,,LOC_CITY_NAME_LUBECK,0
253,CIVILIZATION_GERMANY,,,LOC_CITY_NAME_FREIBURG,0
254,CIVILIZATION_GERMANY,,,LOC_CITY_NAME_WURZBURG,0
255,CIVILIZATION_GERMANY,,,LOC_CITY_NAME_HANOVER,0
256,CIVILIZATION_GERMANY,,,LOC_CITY_NAME_ROSTOCK,0
257,CIVILIZATION_GERMANY,,,LOC_CITY_NAME_SCHWERIN,0
258,CIVILIZATION_GERMANY,,,LOC_CITY_NAME_LEIPZIG,0
259,CIVILIZATION_GERMANY,,,LOC_CITY_NAME_BONN,0
260,CIVILIZATION_GERMANY,,,LOC_CITY_NAME_ESSEN,0
261,CIVILIZATION_GERMANY,,,LOC_CITY_NAME_STUTTGART,0
262,CIVILIZATION_GERMANY,,,LOC_CITY_NAME_DRESDEN,0
263,CIVILIZATION_GERMANY,,,LOC_CITY_NAME_DUSSELDORF,0
264,CIVILIZATION_GERMANY,,,LOC_CITY_NAME_WORMS,0
265,CIVILIZATION_GERMANY,,,LOC_CITY_NAME_POTSDAM,0
266,CIVILIZATION_GREECE,,,LOC_CITY_NAME_ATHENS,0
267,CIVILIZATION_GREECE,,,LOC_CITY_NAME_SPARTA,0
268,CIVILIZATION_GREECE,,,LOC_CITY_NAME_CORINTH,0
269,CIVILIZATION_GREECE,,,LOC_CITY_NAME_EPHESUS,0
270,CIVILIZATION_GREECE,,,LOC_CITY_NAME_ARGOS,0
271,CIVILIZATION_GREECE,,,LOC_CITY_NAME_KNOSSOS,0
272,CIVILIZATION_GREECE,,,LOC_CITY_NAME_MYCENAE,0
273,CIVILIZATION_GREECE,,,LOC_CITY_NAME_PHARSALOS,0
274,CIVILIZATION_GREECE,,,LOC_CITY_NAME_RHODES,0
275,CIVILIZATION_GREECE,,,LOC_CITY_NAME_OLYMPIA,0
276,CIVILIZATION_GREECE,,,LOC_CITY_NAME_ERETRIA,0
277,CIVILIZATION_GREECE,,,LOC_CITY_NAME_PERGAMON,0
278,CIVILIZATION_GREECE,,,LOC_CITY_NAME_MILETOS,0
279,CIVILIZATION_GREECE,,,LOC_CITY_NAME_MEGARA,0
280,CIVILIZATION_GREECE,,,LOC_CITY_NAME_PHOCAEA,0
281,CIVILIZATION_GREECE,,,LOC_CITY_NAME_SICYON,0
282,CIVILIZATION_GREECE,,,LOC_CITY_NAME_TIRYNS,0
283,CIVILIZATION_GREECE,,,LOC_CITY_NAME_SAMOS,0
284,CIVILIZATION_GREECE,,,LOC_CITY_NAME_MYTILENE,0
285,CIVILIZATION_GREECE,,,LOC_CITY_NAME_CHIOS,0
286,CIVILIZATION_GREECE,,,LOC_CITY_NAME_PAROS,0
287,CIVILIZATION_GREECE,,,LOC_CITY_NAME_TEGEA,0
288,CIVILIZATION_GREECE,,,LOC_CITY_NAME_SYRACUSE,0
289,CIVILIZATION_GREECE,,,LOC_CITY_NAME_DELPHI,0
290,CIVILIZATION_GREECE,,,LOC_CITY_NAME_GORTYN,0
291,CIVILIZATION_GREECE,,,LOC_CITY_NAME_CHALKIS,0
292,CIVILIZATION_GREECE,,,LOC_CITY_NAME_PYLOS,0
293,CIVILIZATION_GREECE,,,LOC_CITY_NAME_NAXOS,0
294,CIVILIZATION_GREECE,,,LOC_CITY_NAME_LARISSA,0
295,CIVILIZATION_GREECE,,,LOC_CITY_NAME_PATRAS,0
296,CIVILIZATION_GREECE,,,LOC_CITY_NAME_LAMIA,0
297,CIVILIZATION_GREECE,,,LOC_CITY_NAME_MARATHON,0
298,CIVILIZATION_GREECE,,,LOC_CITY_NAME_NAFPLION,0
299,CIVILIZATION_GREECE,,,LOC_CITY_NAME_APOLYTON,0
300,CIVILIZATION_INDIA,,,LOC_CITY_NAME_DELHI,0
301,CIVILIZATION_INDIA,,,LOC_CITY_NAME_MUMBAI,0
302,CIVILIZATION_INDIA,,,LOC_CITY_NAME_CALCUTTA,0
303,CIVILIZATION_INDIA,,,LOC_CITY_NAME_AGRA,0
304,CIVILIZATION_INDIA,,,LOC_CITY_NAME_MADURAI,0
305,CIVILIZATION_INDIA,,,LOC_CITY_NAME_CHENNAI,0
306,CIVILIZATION_INDIA,,,LOC_CITY_NAME_PATNA,0
307,CIVILIZATION_INDIA,,,LOC_CITY_NAME_HYDERABAD,0
308,CIVILIZATION_INDIA,,,LOC_CITY_NAME_JABALPUR,0
309,CIVILIZATION_INDIA,,,LOC_CITY_NAME_MYSORE,0
310,CIVILIZATION_INDIA,,,LOC_CITY_NAME_SRINAGAR,0
311,CIVILIZATION_INDIA,,,LOC_CITY_NAME_AHMADABAD,0
312,CIVILIZATION_INDIA,,,LOC_CITY_NAME_BANGALORE,0
313,CIVILIZATION_INDIA,,,LOC_CITY_NAME_TRIVANDRUM,0
314,CIVILIZATION_INDIA,,,LOC_CITY_NAME_KOLAR,0
315,CIVILIZATION_INDIA,,,LOC_CITY_NAME_KOZHIKODE,0
316,CIVILIZATION_INDIA,,,LOC_CITY_NAME_RANCHI,0
317,CIVILIZATION_INDIA,,,LOC_CITY_NAME_WARANGAL,0
318,CIVILIZATION_INDIA,,,LOC_CITY_NAME_LUCKNOW,0
319,CIVILIZATION_INDIA,,,LOC_CITY_NAME_NAGPUR,0
320,CIVILIZATION_INDIA,,,LOC_CITY_NAME_MATHURA,0
321,CIVILIZATION_INDIA,,,LOC_CITY_NAME_RAJAHMUNDRY,0
322,CIVILIZATION_INDIA,,,LOC_CITY_NAME_CUTTACK,0
323,CIVILIZATION_INDIA,,,LOC_CITY_NAME_THANJAVUR,0
324,CIVILIZATION_INDIA,,,LOC_CITY_NAME_VARANASI,0
325,CIVILIZATION_INDIA,,,LOC_CITY_NAME_ALLAHABAD,0
326,CIVILIZATION_INDIA,,,LOC_CITY_NAME_AMRITSAR,0
327,CIVILIZATION_INDIA,,,LOC_CITY_NAME_KOLHAPUR,0
328,CIVILIZATION_INDIA,,,LOC_CITY_NAME_PUNE,0
329,CIVILIZATION_INDIA,,,LOC_CITY_NAME_IMPHAL,0
330,CIVILIZATION_JAPAN,,,LOC_CITY_NAME_KYOTO,0
331,CIVILIZATION_JAPAN,,,LOC_CITY_NAME_TOKYO,0
332,CIVILIZATION_JAPAN,,,LOC_CITY_NAME_OSAKA,0
333,CIVILIZATION_JAPAN,,,LOC_CITY_NAME_NAGOYA,0
334,CIVILIZATION_JAPAN,,,LOC_CITY_NAME_FUKUOKA,0
335,CIVILIZATION_JAPAN,,,LOC_CITY_NAME_SENDAI,0
336,CIVILIZATION_JAPAN,,,LOC_CITY_NAME_SHIZUOKA,0
337,CIVILIZATION_JAPAN,,,LOC_CITY_NAME_OKAYAMA,0
338,CIVILIZATION_JAPAN,,,LOC_CITY_NAME_TAKAMATSU,0
339,CIVILIZATION_JAPAN,,,LOC_CITY_NAME_YOKOHAMA,0
340,CIVILIZATION_JAPAN,,,LOC_CITY_NAME_GIFU,0
341,CIVILIZATION_JAPAN,,,LOC_CITY_NAME_NAGANO,0
342,CIVILIZATION_JAPAN,,,LOC_CITY_NAME_TAKASAKI,0
343,CIVILIZATION_JAPAN,,,LOC_CITY_NAME_OTSU,0
344,CIVILIZATION_JAPAN,,,LOC_CITY_NAME_AOMORI,0
345,CIVILIZATION_JAPAN,,,LOC_CITY_NAME_FUKUSHIMA,0
346,CIVILIZATION_JAPAN,,,LOC_CITY_NAME_MORIOKA,0
347,CIVILIZATION_JAPAN,,,LOC_CITY_NAME_HAKODATE,0
348,CIVILIZATION_JAPAN,,,LOC_CITY_NAME_KOBE,0
349,CIVILIZATION_JAPAN,,,LOC_CITY_NAME_HAMAMATSU,0
350,CIVILIZATION_JAPAN,,,LOC_CITY_NAME_OKAZAKI,0
351,CIVILIZATION_JAPAN,,,LOC_CITY_NAME_FUKUI,0
352,CIVILIZATION_JAPAN,,,LOC_CITY_NAME_YAMAGATA,0
353,CIVILIZATION_JAPAN,,,LOC_CITY_NAME_KAGOSHIMA,0
354,CIVILIZATION_JAPAN,,,LOC_CITY_NAME_HIROSHIMA,0
355,CIVILIZATION_JAPAN,,,LOC_CITY_NAME_HIMEJI,0
356,CIVILIZATION_JAPAN,,,LOC_CITY_NAME_MATSUMOTO,0
357,CIVILIZATION_JAPAN,,,LOC_CITY_NAME_OTA,0
358,CIVILIZATION_JAPAN,,,LOC_CITY_NAME_NUMAZU,0
359,CIVILIZATION_JAPAN,,,LOC_CITY_NAME_SAPPORO,0
360,CIVILIZATION_JAPAN,,,LOC_CITY_NAME_NAGASAKI,0
361,CIVILIZATION_JAPAN,,,LOC_CITY_NAME_TOTTORI,0
362,CIVILIZATION_JAPAN,,,LOC_CITY_NAME_NAGAHAMA,0
363,CIVILIZATION_KONGO,,,LOC_CITY_NAME_MBANZA_KONGO,0
364,CIVILIZATION_KONGO,,,LOC_CITY_NAME_MBUMBI,0
365,CIVILIZATION_KONGO,,,LOC_CITY_NAME_MBAMBA,0
366,CIVILIZATION_KONGO,,,LOC_CITY_NAME_MBANZA_NSUNDI,0
367,CIVILIZATION_KONGO,,,LOC_CITY_NAME_MBWILA,0
368,CIVILIZATION_KONGO,,,LOC_CITY_NAME_MPINDA,0
369,CIVILIZATION_KONGO,,,LOC_CITY_NAME_KWILA,0
370,CIVILIZATION_KONGO,,,LOC_CITY_NAME_MBANZA_MBATA,0
371,CIVILIZATION_KONGO,,,LOC_CITY_NAME_KINCHASSA,0
372,CIVILIZATION_KONGO,,,LOC_CITY_NAME_KWANGO,0
373,CIVILIZATION_KONGO,,,LOC_CITY_NAME_MBUJI_MAYI,0
374,CIVILIZATION_KONGO,,,LOC_CITY_NAME_MBANZA_MPANGU,0
375,CIVILIZATION_KONGO,,,LOC_CITY_NAME_BAKAVU,0
376,CIVILIZATION_KONGO,,,LOC_CITY_NAME_SANGA,0
377,CIVILIZATION_KONGO,,,LOC_CITY_NAME_KATANGO,0
378,CIVILIZATION_KONGO,,,LOC_CITY_NAME_MBANZA_WEMBO,0
379,CIVILIZATION_KONGO,,,LOC_CITY_NAME_MBAMBA_LOVATA,0
380,CIVILIZATION_KONGO,,,LOC_CITY_NAME_NKUNGA,0
381,CIVILIZATION_KONGO,,,LOC_CITY_NAME_NKONDO,0
382,CIVILIZATION_KONGO,,,LOC_CITY_NAME_LEMBA_BULA,0
383,CIVILIZATION_KONGO,,,LOC_CITY_NAME_KIBANGU,0
384,CIVILIZATION_KONGO,,,LOC_CITY_NAME_MANGA,0
385,CIVILIZATION_KONGO,,,LOC_CITY_NAME_MBANZA_MPEMBA,0
386,CIVILIZATION_KONGO,,,LOC_CITY_NAME_MULUMBI,0
387,CIVILIZATION_KONGO,,,LOC_CITY_NAME_MAKUTA,0
388,CIVILIZATION_KONGO,,,LOC_CITY_NAME_ZOMBO,0
389,CIVILIZATION_KONGO,,,LOC_CITY_NAME_BANZA,0
390,CIVILIZATION_KONGO,,,LOC_CITY_NAME_UMPUKA,0
391,CIVILIZATION_KONGO,,,LOC_CITY_NAME_MATADI,0
392,CIVILIZATION_KONGO,,,LOC_CITY_NAME_MBANDAKA,0
393,CIVILIZATION_KONGO,,,LOC_CITY_NAME_LUBUMBASHI,0
394,CIVILIZATION_KONGO,,,LOC_CITY_NAME_MBANZA_SOYO,0
395,CIVILIZATION_KONGO,,,LOC_CITY_NAME_KINDU,0
396,CIVILIZATION_KONGO,,,LOC_CITY_NAME_KALEMIE,0
397,CIVILIZATION_KONGO,,,LOC_CITY_NAME_KIKWIT,0
398,CIVILIZATION_KONGO,,,LOC_CITY_NAME_POPOKABAKA,0
399,CIVILIZATION_NORWAY,,,LOC_CITY_NAME_NIDAROS,0
400,CIVILIZATION_NORWAY,,,LOC_CITY_NAME_OSLO,0
401,CIVILIZATION_NORWAY,,,LOC_CITY_NAME_BERGEN,0
402,CIVILIZATION_NORWAY,,,LOC_CITY_NAME_STAVANGER,0
403,CIVILIZATION_NORWAY,,,LOC_CITY_NAME_KRISTIANSAND,0
404,CIVILIZATION_NORWAY,,,LOC_CITY_NAME_SKEDSMO,0
405,CIVILIZATION_NORWAY,,,LOC_CITY_NAME_SARPSBORG,0
406,CIVILIZATION_NORWAY,,,LOC_CITY_NAME_TROMSO,0
407,CIVILIZATION_NORWAY,,,LOC_CITY_NAME_ALESUND,0
408,CIVILIZATION_NORWAY,,,LOC_CITY_NAME_HAMAR,0
409,CIVILIZATION_NORWAY,,,LOC_CITY_NAME_SKIEN,0
410,CIVILIZATION_NORWAY,,,LOC_CITY_NAME_BJARKOY,0
411,CIVILIZATION_NORWAY,,,LOC_CITY_NAME_DRAMMEN,0
412,CIVILIZATION_NORWAY,,,LOC_CITY_NAME_NAMSOS,0
413,CIVILIZATION_NORWAY,,,LOC_CITY_NAME_AVALDSNES,0
414,CIVILIZATION_NORWAY,,,LOC_CITY_NAME_SOGNDAL,0
415,CIVILIZATION_NORWAY,,,LOC_CITY_NAME_TONSBERG,0
416,CIVILIZATION_NORWAY,,,LOC_CITY_NAME_KARMOY,0
417,CIVILIZATION_NORWAY,,,LOC_CITY_NAME_FROSTA,0
418,CIVILIZATION_NORWAY,,,LOC_CITY_NAME_KVITSOY,0
419,CIVILIZATION_NORWAY,,,LOC_CITY_NAME_STIKLESTAD,0
420,CIVILIZATION_NORWAY,,,LOC_CITY_NAME_HUNDORP,0
421,CIVILIZATION_NORWAY,,,LOC_CITY_NAME_STANGE,0
422,CIVILIZATION_NORWAY,,,LOC_CITY_NAME_REYKJAVIK,0
423,CIVILIZATION_NORWAY,,,LOC_CITY_NAME_TJOTTA,0
424,CIVILIZATION_NORWAY,,,LOC_CITY_NAME_VERDAL,0
425,CIVILIZATION_NORWAY,,,LOC_CITY_NAME_BRATTAHLID,0
426,CIVILIZATION_NORWAY,,,LOC_CITY_NAME_KRISTIANSUND,0
427,CIVILIZATION_NORWAY,,,LOC_CITY_NAME_RINGERIKE,0
428,CIVILIZATION_NORWAY,,,LOC_CITY_NAME_SANDNAES,0
429,CIVILIZATION_NORWAY,,,LOC_CITY_NAME_MOSTER,0
430,CIVILIZATION_NORWAY,,,LOC_CITY_NAME_VINLAND,0
431,CIVILIZATION_ROME,,,LOC_CITY_NAME_ROME,0
432,CIVILIZATION_ROME,,,LOC_CITY_NAME_OSTIA,0
433,CIVILIZATION_ROME,,,LOC_CITY_NAME_ANTIUM,0
434,CIVILIZATION_ROME,,,LOC_CITY_NAME_CUMAE,0
435,CIVILIZATION_ROME,,,LOC_CITY_NAME_AQUILEIA,0
436,CIVILIZATION_ROME,,,LOC_CITY_NAME_RAVENNA,0
437,CIVILIZATION_ROME,,,LOC_CITY_NAME_PUTEOLI,0
438,CIVILIZATION_ROME,,,LOC_CITY_NAME_ARRETIUM,0
439,CIVILIZATION_ROME,,,LOC_CITY_NAME_MEDIOLANUM,0
440,CIVILIZATION_ROME,,,LOC_CITY_NAME_LUGDUNUM,0
441,CIVILIZATION_ROME,,,LOC_CITY_NAME_ARPINUM,0
442,CIVILIZATION_ROME,,,LOC_CITY_NAME_SETIA,0
443,CIVILIZATION_ROME,,,LOC_CITY_NAME_VELITRAE,0
444,CIVILIZATION_ROME,,,LOC_CITY_NAME_DUROCORTORUM,0
445,CIVILIZATION_ROME,,,LOC_CITY_NAME_BRUNDISIUM,0
446,CIVILIZATION_ROME,,,LOC_CITY_NAME_CAESARAUGUSTA,0
447,CIVILIZATION_ROME,,,LOC_CITY_NAME_PALMYRA,0
448,CIVILIZATION_ROME,,,LOC_CITY_NAME_HISPALIS,0
449,CIVILIZATION_ROME,,,LOC_CITY_NAME_CAESAREA,0
450,CIVILIZATION_ROME,,,LOC_CITY_NAME_ARTAXATA,0
451,CIVILIZATION_ROME,,,LOC_CITY_NAME_PAPHOS,0
452,CIVILIZATION_ROME,,,LOC_CITY_NAME_SALONAE,0
453,CIVILIZATION_ROME,,,LOC_CITY_NAME_EBURACUM,0
454,CIVILIZATION_ROME,,,LOC_CITY_NAME_LAURIACUM,0
455,CIVILIZATION_ROME,,,LOC_CITY_NAME_VERONA,0
456,CIVILIZATION_ROME,,,LOC_CITY_NAME_COLONIA_AGRIPPINA,0
457,CIVILIZATION_ROME,,,LOC_CITY_NAME_NARBO,0
458,CIVILIZATION_ROME,,,LOC_CITY_NAME_TINGI,0
459,CIVILIZATION_ROME,,,LOC_CITY_NAME_SARMIZEGETUSA,0
460,CIVILIZATION_ROME,,,LOC_CITY_NAME_SIRMIUM,0
461,CIVILIZATION_RUSSIA,,,LOC_CITY_NAME_ST_PETERSBURG,0
462,CIVILIZATION_RUSSIA,,,LOC_CITY_NAME_MOSCOW,0
463,CIVILIZATION_RUSSIA,,,LOC_CITY_NAME_NOVGOROD,0
464,CIVILIZATION_RUSSIA,,,LOC_CITY_NAME_KAZAN,0
465,CIVILIZATION_RUSSIA,,,LOC_CITY_NAME_ASTRAKHAN,0
466,CIVILIZATION_RUSSIA,,,LOC_CITY_NAME_YAROSLAVL,0
467,CIVILIZATION_RUSSIA,,,LOC_CITY_NAME_SMOLENSK,0
468,CIVILIZATION_RUSSIA,,,LOC_CITY_NAME_VORONEZH,0
469,CIVILIZATION_RUSSIA,,,LOC_CITY_NAME_TULA,0
470,CIVILIZATION_RUSSIA,,,LOC_CITY_NAME_SOLIKAMSK,0
471,CIVILIZATION_RUSSIA,,,LOC_CITY_NAME_TVER,0
472,CIVILIZATION_RUSSIA,,,LOC_CITY_NAME_NIZHNIY_NOVGOROD,0
473,CIVILIZATION_RUSSIA,,,LOC_CITY_NAME_ARKHANGELSK,0
474,CIVILIZATION_RUSSIA,,,LOC_CITY_NAME_VOLOGDA,0
475,CIVILIZATION_RUSSIA,,,LOC_CITY_NAME_OLONETS,0
476,CIVILIZATION_RUSSIA,,,LOC_CITY_NAME_SARATOV,0
477,CIVILIZATION_RUSSIA,,,LOC_CITY_NAME_TAMBOV,0
478,CIVILIZATION_RUSSIA,,,LOC_CITY_NAME_PSKOV,0
479,CIVILIZATION_RUSSIA,,,LOC_CITY_NAME_KRASNOYARSK,0
480,CIVILIZATION_RUSSIA,,,LOC_CITY_NAME_IRKUTSK,0
481,CIVILIZATION_RUSSIA,,,LOC_CITY_NAME_YEKATERINBURG,0
482,CIVILIZATION_RUSSIA,,,LOC_CITY_NAME_ROSTOV,0
483,CIVILIZATION_RUSSIA,,,LOC_CITY_NAME_BRYANSK,0
484,CIVILIZATION_RUSSIA,,,LOC_CITY_NAME_YAKUTSK,0
485,CIVILIZATION_RUSSIA,,,LOC_CITY_NAME_STARAYA_RUSSA,0
486,CIVILIZATION_RUSSIA,,,LOC_CITY_NAME_PERM,0
487,CIVILIZATION_RUSSIA,,,LOC_CITY_NAME_PETROZAVODSK,0
488,CIVILIZATION_RUSSIA,,,LOC_CITY_NAME_OKHOTSK,0
489,CIVILIZATION_RUSSIA,,,LOC_CITY_NAME_KOSTROMA,0
490,CIVILIZATION_RUSSIA,,,LOC_CITY_NAME_NIZHNEKOLYMSK,0
491,CIVILIZATION_RUSSIA,,,LOC_CITY_NAME_SERGIYEV_POSAD,0
492,CIVILIZATION_RUSSIA,,,LOC_CITY_NAME_OMSK,0
493,CIVILIZATION_SCYTHIA,,,LOC_CITY_NAME_POKROVKA,0
494,CIVILIZATION_SCYTHIA,,,LOC_CITY_NAME_ISSYK,0
495,CIVILIZATION_SCYTHIA,,,LOC_CITY_NAME_KUL_OBA,0
496,CIVILIZATION_SCYTHIA,,,LOC_CITY_NAME_GELONUS,0
497,CIVILIZATION_SCYTHIA,,,LOC_CITY_NAME_PAZYRYK,0
498,CIVILIZATION_SCYTHIA,,,LOC_CITY_NAME_CHERTOMLYK,0
499,CIVILIZATION_SCYTHIA,,,LOC_CITY_NAME_NEAPOLIS,0
500,CIVILIZATION_SCYTHIA,,,LOC_CITY_NAME_KOSTROMSKAYA,0
501,CIVILIZATION_SCYTHIA,,,LOC_CITY_NAME_MYRIV,0
502,CIVILIZATION_SCYTHIA,,,LOC_CITY_NAME_SOLOKHA,0
503,CIVILIZATION_SCYTHIA,,,LOC_CITY_NAME_MAIKOP,0
504,CIVILIZATION_SCYTHIA,,,LOC_CITY_NAME_KAMIANKA_DNIPROVSKA,0
505,CIVILIZATION_SCYTHIA,,,LOC_CITY_NAME_TOLSTAYA,0
506,CIVILIZATION_SCYTHIA,,,LOC_CITY_NAME_SEVEN_BROTHERS,0
507,CIVILIZATION_SCYTHIA,,,LOC_CITY_NAME_OLBIA,0
508,CIVILIZATION_SCYTHIA,,,LOC_CITY_NAME_KELERMES,0
509,CIVILIZATION_SCYTHIA,,,LOC_CITY_NAME_SOLOCHA,0
510,CIVILIZATION_SCYTHIA,,,LOC_CITY_NAME_ULSKI,0
511,CIVILIZATION_SCYTHIA,,,LOC_CITY_NAME_ARZHAN,0
512,CIVILIZATION_SCYTHIA,,,LOC_CITY_NAME_ELIZAVETOVSKAYA,0
513,CIVILIZATION_SCYTHIA,,,LOC_CITY_NAME_MELGUNOV,0
514,CIVILIZATION_SCYTHIA,,,LOC_CITY_NAME_PANTICAPAEUM,0
515,CIVILIZATION_SCYTHIA,,,LOC_CITY_NAME_TSARSKAYA,0
516,CIVILIZATION_SCYTHIA,,,LOC_CITY_NAME_OGUZ,0
517,CIVILIZATION_SCYTHIA,,,LOC_CITY_NAME_TANAIS,0
518,CIVILIZATION_SCYTHIA,,,LOC_CITY_NAME_ALEXANDROPOL,0
519,CIVILIZATION_SCYTHIA,,,LOC_CITY_NAME_KURDZHIPS,0
520,CIVILIZATION_SCYTHIA,,,LOC_CITY_NAME_TSYMBALKA,0
521,CIVILIZATION_SCYTHIA,,,LOC_CITY_NAME_THEODOSIA,0
522,CIVILIZATION_SCYTHIA,,,LOC_CITY_NAME_KOZEL,0
523,CIVILIZATION_SPAIN,,,LOC_CITY_NAME_MADRID,0
524,CIVILIZATION_SPAIN,,,LOC_CITY_NAME_SEVILLE,0
525,CIVILIZATION_SPAIN,,,LOC_CITY_NAME_BARCELONA,0
526,CIVILIZATION_SPAIN,,,LOC_CITY_NAME_TOLEDO,0
527,CIVILIZATION_SPAIN,,,LOC_CITY_NAME_CORDOBA,0
528,CIVILIZATION_SPAIN,,,LOC_CITY_NAME_VALENCIA,0
529,CIVILIZATION_SPAIN,,,LOC_CITY_NAME_ZARAGOZA,0
530,CIVILIZATION_SPAIN,,,LOC_CITY_NAME_VALLADOLID,0
531,CIVILIZATION_SPAIN,,,LOC_CITY_NAME_BILBAO,0
532,CIVILIZATION_SPAIN,,,LOC_CITY_NAME_A_CORUNA,0
533,CIVILIZATION_SPAIN,,,LOC_CITY_NAME_CARTAGENA,0
534,CIVILIZATION_SPAIN,,,LOC_CITY_NAME_CADIZ,0
535,CIVILIZATION_SPAIN,,,LOC_CITY_NAME_SALAMANCA,0
536,CIVILIZATION_SPAIN,,,LOC_CITY_NAME_LAS_PALMAS,0
537,CIVILIZATION_SPAIN,,,LOC_CITY_NAME_MURCIA,0
538,CIVILIZATION_SPAIN,,,LOC_CITY_NAME_PAMPLONA,0
539,CIVILIZATION_SPAIN,,,LOC_CITY_NAME_VIGO,0
540,CIVILIZATION_SPAIN,,,LOC_CITY_NAME_ORAN,0
541,CIVILIZATION_SPAIN,,,LOC_CITY_NAME_VITORIA_GASTEIZ,0
542,CIVILIZATION_SPAIN,,,LOC_CITY_NAME_OVIEDO,0
543,CIVILIZATION_SPAIN,,,LOC_CITY_NAME_MALAGA,0
544,CIVILIZATION_SPAIN,,,LOC_CITY_NAME_HAVANA,0
545,CIVILIZATION_SPAIN,,,LOC_CITY_NAME_JAEN,0
546,CIVILIZATION_SPAIN,,,LOC_CITY_NAME_MANILA,0
547,CIVILIZATION_SPAIN,,,LOC_CITY_NAME_SANTANDER,0
548,CIVILIZATION_SPAIN,,,LOC_CITY_NAME_ALMERIA,0
549,CIVILIZATION_SPAIN,,,LOC_CITY_NAME_ALICANTE,0
550,CIVILIZATION_SPAIN,,,LOC_CITY_NAME_BADALONA,0
551,CIVILIZATION_SPAIN,,,LOC_CITY_NAME_BURGOS,0
552,CIVILIZATION_SPAIN,,,LOC_CITY_NAME_GIJON,0
553,CIVILIZATION_SUMERIA,,,LOC_CITY_NAME_URUK,0
554,CIVILIZATION_SUMERIA,,,LOC_CITY_NAME_ERIDU,0
555,CIVILIZATION_SUMERIA,,,LOC_CITY_NAME_KISH,0
556,CIVILIZATION_SUMERIA,,,LOC_CITY_NAME_UR,0
557,CIVILIZATION_SUMERIA,,,LOC_CITY_NAME_LAGASH,0
558,CIVILIZATION_SUMERIA,,,LOC_CITY_NAME_NIPPUR,0
559,CIVILIZATION_SUMERIA,,,LOC_CITY_NAME_BAD_TIBIRA,0
560,CIVILIZATION_SUMERIA,,,LOC_CITY_NAME_SIPPAR,0
561,CIVILIZATION_SUMERIA,,,LOC_CITY_NAME_SHURUPPAK,0
562,CIVILIZATION_SUMERIA,,,LOC_CITY_NAME_ADAB,0
563,CIVILIZATION_SUMERIA,,,LOC_CITY_NAME_ISIN,0
564,CIVILIZATION_SUMERIA,,,LOC_CITY_NAME_LARAK,0
565,CIVILIZATION_SUMERIA,,,LOC_CITY_NAME_ABU_SALABIKH,0
566,CIVILIZATION_SUMERIA,,,LOC_CITY_NAME_AKSHAK,0
567,CIVILIZATION_SUMERIA,,,LOC_CITY_NAME_UMMA,0
568,CIVILIZATION_SUMERIA,,,LOC_CITY_NAME_LARSA,0
569,CIVILIZATION_SUMERIA,,,LOC_CITY_NAME_HAMAZI,0
570,CIVILIZATION_SUMERIA,,,LOC_CITY_NAME_GIRSU,0
571,CIVILIZATION_SUMERIA,,,LOC_CITY_NAME_JEMDET_NASR,0
572,CIVILIZATION_SUMERIA,,,LOC_CITY_NAME_NINA,0
573,CIVILIZATION_SUMERIA,,,LOC_CITY_NAME_KUARA,0
574,CIVILIZATION_SUMERIA,,,LOC_CITY_NAME_DILBAT,0
575,CIVILIZATION_SUMERIA,,,LOC_CITY_NAME_KUTHA,0
576,CIVILIZATION_SUMERIA,,,LOC_CITY_NAME_MARAD,0
577,CIVILIZATION_SUMERIA,,,LOC_CITY_NAME_ZABALAM,0
578,CIVILIZATION_SUMERIA,,,LOC_CITY_NAME_KISURRA,0
579,CIVILIZATION_SUMERIA,,,LOC_CITY_NAME_PAZURISH_DAGAN,0
580,CIVILIZATION_SUMERIA,,,LOC_CITY_NAME_HARBIDUM,0
581,CIVILIZATION_SUMERIA,,,LOC_CITY_NAME_KESH,0
582,CIVILIZATION_SUMERIA,,,LOC_CITY_NAME_FAILAKA,0
584,CIVILIZATION_BRUSSELS,,,LOC_CITY_NAME_BRUSSELS,0
585,CIVILIZATION_BUENOS_AIRES,,,LOC_CITY_NAME_BUENOS_AIRES,0
587,CIVILIZATION_GENEVA,,,LOC_CITY_NAME_GENEVA,0
588,CIVILIZATION_HATTUSA,,,LOC_CITY_NAME_HATTUSA,0
589,CIVILIZATION_HONG_KONG,,,LOC_CITY_NAME_HONG_KONG,0
590,CIVILIZATION_JAKARTA,,,LOC_CITY_NAME_BANDAR_BRUNEI,0
591,CIVILIZATION_JERUSALEM,,,LOC_CITY_NAME_JERUSALEM,0
592,CIVILIZATION_KANDY,,,LOC_CITY_NAME_KANDY,0
593,CIVILIZATION_KABUL,,,LOC_CITY_NAME_KABUL,0
594,CIVILIZATION_KUMASI,,,LOC_CITY_NAME_KUMASI,0
595,CIVILIZATION_LA_VENTA,,,LOC_CITY_NAME_LA_VENTA,0
596,CIVILIZATION_LISBON,,,LOC_CITY_NAME_LISBON,0
597,CIVILIZATION_MOHENJO_DARO,,,LOC_CITY_NAME_MOHENJO_DARO,0
598,CIVILIZATION_NAN_MADOL,,,LOC_CITY_NAME_NAN_MADOL,0
599,CIVILIZATION_PRESLAV,,,LOC_CITY_NAME_PRESLAV,0
603,CIVILIZATION_VALLETTA,,,LOC_CITY_NAME_VALLETTA,0
604,CIVILIZATION_VILNIUS,,,LOC_CITY_NAME_VILNIUS,0
605,CIVILIZATION_YEREVAN,,,LOC_CITY_NAME_YEREVAN,0
606,CIVILIZATION_ZANZIBAR,,,LOC_CITY_NAME_ZANZIBAR,0
607,CIVILIZATION_BARBARIAN,,,LOC_CITY_NAME_GROKVILLE,0
608,CIVILIZATION_AZTEC,,,LOC_CITY_NAME_TENOCHTITLAN,0
609,CIVILIZATION_AZTEC,,,LOC_CITY_NAME_TEXCOCO,0
610,CIVILIZATION_AZTEC,,,LOC_CITY_NAME_ATZCAPOTZALCO,0
611,CIVILIZATION_AZTEC,,,LOC_CITY_NAME_TEOTIHUACAN,0
612,CIVILIZATION_AZTEC,,,LOC_CITY_NAME_TLACOPAN,0
613,CIVILIZATION_AZTEC,,,LOC_CITY_NAME_XOCHICALCO,0
614,CIVILIZATION_AZTEC,,,LOC_CITY_NAME_MALINALCO,0
615,CIVILIZATION_AZTEC,,,LOC_CITY_NAME_TEAYO,0
616,CIVILIZATION_AZTEC,,,LOC_CITY_NAME_CEMPOALA,0
617,CIVILIZATION_AZTEC,,,LOC_CITY_NAME_CHALCO,0
618,CIVILIZATION_AZTEC,,,LOC_CITY_NAME_IXTAPALUCA,0
619,CIVILIZATION_AZTEC,,,LOC_CITY_NAME_TENAYUCA,0
620,CIVILIZATION_AZTEC,,,LOC_CITY_NAME_HUEXOTLA,0
621,CIVILIZATION_AZTEC,,,LOC_CITY_NAME_CHAPULTEPEC,0
622,CIVILIZATION_AZTEC,,,LOC_CITY_NAME_TEPEXPAN,0
623,CIVILIZATION_AZTEC,,,LOC_CITY_NAME_ZITLALTEPEC,0
624,CIVILIZATION_AZTEC,,,LOC_CITY_NAME_XALAPA,0
625,CIVILIZATION_AZTEC,,,LOC_CITY_NAME_TAMUIN,0
626,CIVILIZATION_AZTEC,,,LOC_CITY_NAME_TELOLOAPAN,0
627,CIVILIZATION_AZTEC,,,LOC_CITY_NAME_MITLA,0
628,CIVILIZATION_AZTEC,,,LOC_CITY_NAME_TLATELOLCO,0
629,CIVILIZATION_AZTEC,,,LOC_CITY_NAME_COYOTEPEC,0
630,CIVILIZATION_AZTEC,,,LOC_CITY_NAME_ZACATULA,0
631,CIVILIZATION_AZTEC,,,LOC_CITY_NAME_YUCUNUDAHUI,0
632,CIVILIZATION_AZTEC,,,LOC_CITY_NAME_ECATEPEC,0
633,CIVILIZATION_AZTEC,,,LOC_CITY_NAME_MAZATAN,0
634,CIVILIZATION_AZTEC,,,LOC_CITY_NAME_IZTAPALAPA,0
635,CIVILIZATION_AZTEC,,,LOC_CITY_NAME_TLALMANALCO,0
636,CIVILIZATION_AZTEC,,,LOC_CITY_NAME_HUAXYACAC,0
637,CIVILIZATION_AZTEC,,,LOC_CITY_NAME_ACATITLAN,0
638,CIVILIZATION_INDONESIA,,,LOC_CITY_NAME_MAJAPAHIT,0
639,CIVILIZATION_INDONESIA,,,LOC_CITY_NAME_TUBAN,0
640,CIVILIZATION_INDONESIA,,,LOC_CITY_NAME_PALEMBANG,0
641,CIVILIZATION_INDONESIA,,,LOC_CITY_NAME_JAMBI,0
642,CIVILIZATION_INDONESIA,,,LOC_CITY_NAME_TERNATE,0
643,CIVILIZATION_INDONESIA,,,LOC_CITY_NAME_BADUNG,0
644,CIVILIZATION_INDONESIA,,,LOC_CITY_NAME_MATARAM,0
645,CIVILIZATION_INDONESIA,,,LOC_CITY_NAME_SURABAYA,0
646,CIVILIZATION_INDONESIA,,,LOC_CITY_NAME_BANJARMASIN,0
647,CIVILIZATION_INDONESIA,,,LOC_CITY_NAME_JAKARTA,0
648,CIVILIZATION_INDONESIA,,,LOC_CITY_NAME_BIMA,0
649,CIVILIZATION_INDONESIA,,,LOC_CITY_NAME_MAKASSAR,0
650,CIVILIZATION_INDONESIA,,,LOC_CITY_NAME_LAMPUNG,0
651,CIVILIZATION_INDONESIA,,,LOC_CITY_NAME_BARUS,0
652,CIVILIZATION_INDONESIA,,,LOC_CITY_NAME_BANTEN,0
653,CIVILIZATION_INDONESIA,,,LOC_CITY_NAME_GELGEL,0
654,CIVILIZATION_INDONESIA,,,LOC_CITY_NAME_BOGOR,0
655,CIVILIZATION_INDONESIA,,,LOC_CITY_NAME_PAGARUYUNG,0
656,CIVILIZATION_INDONESIA,,,LOC_CITY_NAME_GORONTALO,0
657,CIVILIZATION_INDONESIA,,,LOC_CITY_NAME_PEKALONGAN,0
658,CIVILIZATION_INDONESIA,,,LOC_CITY_NAME_SUKADANA,0
659,CIVILIZATION_INDONESIA,,,LOC_CITY_NAME_MALANG,0
660,CIVILIZATION_INDONESIA,,,LOC_CITY_NAME_LAMBRI,0
661,CIVILIZATION_INDONESIA,,,LOC_CITY_NAME_SUKABUMI,0
662,CIVILIZATION_INDONESIA,,,LOC_CITY_NAME_KAHURIPAN,0
663,CIVILIZATION_INDONESIA,,,LOC_CITY_NAME_BENGKULU,0
664,CIVILIZATION_INDONESIA,,,LOC_CITY_NAME_KEDIRI,0
665,CIVILIZATION_INDONESIA,,,LOC_CITY_NAME_TANJUNGPINANG,0
666,CIVILIZATION_INDONESIA,,,LOC_CITY_NAME_BAU_BAU,0
667,CIVILIZATION_INDONESIA,,,LOC_CITY_NAME_GRESIK,0
668,CIVILIZATION_INDONESIA,,,LOC_CITY_NAME_PONTIANAK,0
669,CIVILIZATION_INDONESIA,,,LOC_CITY_NAME_PANGKALPINANG,0
670,CIVILIZATION_KHMER,,,LOC_CITY_NAME_ANGKOR_THOM,0
671,CIVILIZATION_KHMER,,,LOC_CITY_NAME_ANGKOR_WAT,0
672,CIVILIZATION_KHMER,,,LOC_CITY_NAME_HARIHARALAYA,0
673,CIVILIZATION_KHMER,,,LOC_CITY_NAME_YASODHARAPURA,0
674,CIVILIZATION_KHMER,,,LOC_CITY_NAME_MAHENDRAPARVATA,0
675,CIVILIZATION_KHMER,,,LOC_CITY_NAME_VIMAYAPURA,0
676,CIVILIZATION_KHMER,,,LOC_CITY_NAME_INDRAPURA,0
677,CIVILIZATION_KHMER,,,LOC_CITY_NAME_LINGAPURA,0
678,CIVILIZATION_KHMER,,,LOC_CITY_NAME_PREAH_VIHEAR,0
679,CIVILIZATION_KHMER,,,LOC_CITY_NAME_BHAVAPURA,0
680,CIVILIZATION_KHMER,,,LOC_CITY_NAME_KOMPONG_SVAY,0
681,CIVILIZATION_KHMER,,,LOC_CITY_NAME_NAGARA_JAYASRI,0
682,CIVILIZATION_KHMER,,,LOC_CITY_NAME_VYADHAPURA,0
683,CIVILIZATION_KHMER,,,LOC_CITY_NAME_CHATURMUKHA,0
684,CIVILIZATION_KHMER,,,LOC_CITY_NAME_DVIRADAPURA,0
685,CIVILIZATION_KHMER,,,LOC_CITY_NAME_RAJAVIHARA,0
686,CIVILIZATION_KHMER,,,LOC_CITY_NAME_AMARENDRAPURA,0
687,CIVILIZATION_KHMER,,,LOC_CITY_NAME_PHANOM_RUNG,0
688,CIVILIZATION_KHMER,,,LOC_CITY_NAME_ISVARAPURA,0
689,CIVILIZATION_KHMER,,,LOC_CITY_NAME_MUANG_TAM,0
690,CIVILIZATION_KHMER,,,LOC_CITY_NAME_ANGKOR_BOREI,0
691,CIVILIZATION_KHMER,,,LOC_CITY_NAME_BANTEAY_KDEI,0
692,CIVILIZATION_KHMER,,,LOC_CITY_NAME_PHETCHABURI,0
693,CIVILIZATION_KHMER,,,LOC_CITY_NAME_CHAIYA,0
694,CIVILIZATION_KHMER,,,LOC_CITY_NAME_ISANAPURA,0
695,CIVILIZATION_KHMER,,,LOC_CITY_NAME_PRE_RUP,0
696,CIVILIZATION_KHMER,,,LOC_CITY_NAME_BENG_MELEA,0
697,CIVILIZATION_KHMER,,,LOC_CITY_NAME_LAVODAYAPURA,0
698,CIVILIZATION_KHMER,,,LOC_CITY_NAME_SHRESTAPURA,0
699,CIVILIZATION_KHMER,,,LOC_CITY_NAME_ANINDITAPURA,0
700,CIVILIZATION_AUCKLAND,,,LOC_CITY_NAME_AUCKLAND,0
701,CIVILIZATION_ANTANANARIVO,,,LOC_CITY_NAME_ANTANANARIVO,0
702,CIVILIZATION_ARMAGH,,,LOC_CITY_NAME_ARMAGH,0
703,CIVILIZATION_GRANADA,,,LOC_CITY_NAME_GRANADA,0
704,CIVILIZATION_MUSCAT,,,LOC_CITY_NAME_MUSCAT,0
705,CIVILIZATION_PALENQUE,,,LOC_CITY_NAME_PALENQUE,0
706,CIVILIZATION_POLAND,,,LOC_CITY_NAME_KRAKOW,0
707,CIVILIZATION_POLAND,,,LOC_CITY_NAME_WARSAW,0
708,CIVILIZATION_POLAND,,,LOC_CITY_NAME_WROCLAW,0
709,CIVILIZATION_POLAND,,,LOC_CITY_NAME_POZNAN,0
710,CIVILIZATION_POLAND,,,LOC_CITY_NAME_GDANSK,0
711,CIVILIZATION_POLAND,,,LOC_CITY_NAME_BYDGOSZCZ,0
712,CIVILIZATION_POLAND,,,LOC_CITY_NAME_LUBLIN,0
713,CIVILIZATION_POLAND,,,LOC_CITY_NAME_RADOM,0
714,CIVILIZATION_POLAND,,,LOC_CITY_NAME_LODZ,0
715,CIVILIZATION_POLAND,,,LOC_CITY_NAME_GNIEZNO,0
716,CIVILIZATION_POLAND,,,LOC_CITY_NAME_PLOCK,0
717,CIVILIZATION_POLAND,,,LOC_CITY_NAME_TARNOW,0
718,CIVILIZATION_POLAND,,,LOC_CITY_NAME_KALISZ,0
719,CIVILIZATION_POLAND,,,LOC_CITY_NAME_LEGNICA,0
720,CIVILIZATION_POLAND,,,LOC_CITY_NAME_SZCZECIN,0
721,CIVILIZATION_POLAND,,,LOC_CITY_NAME_SACZ,0
722,CIVILIZATION_POLAND,,,LOC_CITY_NAME_PIOTRKOW_TRYBUNALSKI,0
723,CIVILIZATION_POLAND,,,LOC_CITY_NAME_KATOWICE,0
724,CIVILIZATION_POLAND,,,LOC_CITY_NAME_INOWROCLAW,0
725,CIVILIZATION_POLAND,,,LOC_CITY_NAME_GLOGOW,0
726,CIVILIZATION_POLAND,,,LOC_CITY_NAME_CZESTOCHOWA,0
727,CIVILIZATION_POLAND,,,LOC_CITY_NAME_ZAMOSC,0
728,CIVILIZATION_POLAND,,,LOC_CITY_NAME_RACIBORZ,0
729,CIVILIZATION_POLAND,,,LOC_CITY_NAME_SWIDNICA,0
730,CIVILIZATION_POLAND,,,LOC_CITY_NAME_RADOMSKO,0
731,CIVILIZATION_POLAND,,,LOC_CITY_NAME_KONIN,0
732,CIVILIZATION_POLAND,,,LOC_CITY_NAME_SLUPSK,0
733,CIVILIZATION_POLAND,,,LOC_CITY_NAME_WALBRZYCH,0
734,CIVILIZATION_POLAND,,,LOC_CITY_NAME_STALOWA_WOLA,0
735,CIVILIZATION_POLAND,,,LOC_CITY_NAME_LWOW,0
736,CIVILIZATION_NUBIA,,,LOC_CITY_NAME_MEROE,0
737,CIVILIZATION_NUBIA,,,LOC_CITY_NAME_KERMA,0
738,CIVILIZATION_NUBIA,,,LOC_CITY_NAME_NAPATA,0
739,CIVILIZATION_NUBIA,,,LOC_CITY_NAME_NURI,0
740,CIVILIZATION_NUBIA,,,LOC_CITY_NAME_EL_KURRU,0
741,CIVILIZATION_NUBIA,,,LOC_CITY_NAME_KAWA,0
742,CIVILIZATION_NUBIA,,,LOC_CITY_NAME_SEDEINGA,0
743,CIVILIZATION_NUBIA,,,LOC_CITY_NAME_HEH,0
744,CIVILIZATION_NUBIA,,,LOC_CITY_NAME_QASR_IBRIM,0
745,CIVILIZATION_NUBIA,,,LOC_CITY_NAME_FARAS,0
746,CIVILIZATION_NUBIA,,,LOC_CITY_NAME_SHAAT,0
747,CIVILIZATION_NUBIA,,,LOC_CITY_NAME_IKEN,0
748,CIVILIZATION_NUBIA,,,LOC_CITY_NAME_ABU_SIMBEL,0
749,CIVILIZATION_NUBIA,,,LOC_CITY_NAME_BUHEN,0
750,CIVILIZATION_NUBIA,,,LOC_CITY_NAME_DANGEIL,0
751,CIVILIZATION_NUBIA,,,LOC_CITY_NAME_MIAM,0
752,CIVILIZATION_NUBIA,,,LOC_CITY_NAME_TOMBOS,0
753,CIVILIZATION_NUBIA,,,LOC_CITY_NAME_KURGUS,0
754,CIVILIZATION_NUBIA,,,LOC_CITY_NAME_TOSHKA,0
755,CIVILIZATION_NUBIA,,,LOC_CITY_NAME_SOLEB,0
756,CIVILIZATION_NUBIA,,,LOC_CITY_NAME_WAD_BAN_NAQA,0
757,CIVILIZATION_NUBIA,,,LOC_CITY_NAME_DEBBA,0
758,CIVILIZATION_NUBIA,,,LOC_CITY_NAME_BUGDUMBUSH,0
759,CIVILIZATION_NUBIA,,,LOC_CITY_NAME_BAKI,0
760,CIVILIZATION_NUBIA,,,LOC_CITY_NAME_AMARA,0
761,CIVILIZATION_NUBIA,,,LOC_CITY_NAME_MUSAWWARAT_ES_SUFRA,0
762,CIVILIZATION_NUBIA,,,LOC_CITY_NAME_EL_FURA,0
763,CIVILIZATION_NUBIA,,,LOC_CITY_NAME_UKMA,0
764,CIVILIZATION_NUBIA,,,LOC_CITY_NAME_PEDEME,0
765,CIVILIZATION_NUBIA,,,LOC_CITY_NAME_DEFEIA,0
766,CIVILIZATION_MACEDON,,,LOC_CITY_NAME_PELLA,0
767,CIVILIZATION_MACEDON,,,LOC_CITY_NAME_AIGAI,0
768,CIVILIZATION_MACEDON,,,LOC_CITY_NAME_ALEXANDRIA,0
769,CIVILIZATION_MACEDON,,,LOC_CITY_NAME_METHONE,0
770,CIVILIZATION_MACEDON,,,LOC_CITY_NAME_CHALKIDIKI,0
771,CIVILIZATION_MACEDON,,,LOC_CITY_NAME_DION,0
772,CIVILIZATION_MACEDON,,,LOC_CITY_NAME_ALEXANDROUPOLI,0
773,CIVILIZATION_MACEDON,,,LOC_CITY_NAME_AMPHIPOLIS,0
774,CIVILIZATION_MACEDON,,,LOC_CITY_NAME_ALEXANDRIA_TROAS,0
775,CIVILIZATION_MACEDON,,,LOC_CITY_NAME_PYDNA,0
776,CIVILIZATION_MACEDON,,,LOC_CITY_NAME_ALEXANDRIA_LATMUS,0
777,CIVILIZATION_MACEDON,,,LOC_CITY_NAME_ALEXANDRETTA,0
778,CIVILIZATION_MACEDON,,,LOC_CITY_NAME_ALEXANDRIA_ARIA,0
779,CIVILIZATION_MACEDON,,,LOC_CITY_NAME_ALEXANDRIA_PROPHTHASIA,0
780,CIVILIZATION_MACEDON,,,LOC_CITY_NAME_ALEXANDRIA_ARACHOSIA,0
781,CIVILIZATION_MACEDON,,,LOC_CITY_NAME_AIANI,0
782,CIVILIZATION_MACEDON,,,LOC_CITY_NAME_ALEXANDRIA_CAUCASUS,0
783,CIVILIZATION_MACEDON,,,LOC_CITY_NAME_ALEXANDRIA_ESCHATE,0
784,CIVILIZATION_MACEDON,,,LOC_CITY_NAME_AKANTHOS,0
785,CIVILIZATION_MACEDON,,,LOC_CITY_NAME_ALEXANDRIA_OXIANA,0
786,CIVILIZATION_MACEDON,,,LOC_CITY_NAME_HERACLEA_LYNCESTIS,0
787,CIVILIZATION_MACEDON,,,LOC_CITY_NAME_ALEXANDRIA_BUCEPHALA,0
788,CIVILIZATION_MACEDON,,,LOC_CITY_NAME_ALEXANDRIA_NICAEA,0
789,CIVILIZATION_MACEDON,,,LOC_CITY_NAME_PHILIPPOLIS,0
790,CIVILIZATION_MACEDON,,,LOC_CITY_NAME_ALEXANDRIA_INDUS,0
791,CIVILIZATION_MACEDON,,,LOC_CITY_NAME_ALEXANDRIA_RHAMBACIA,0
792,CIVILIZATION_MACEDON,,,LOC_CITY_NAME_STAGIRA,0
793,CIVILIZATION_MACEDON,,,LOC_CITY_NAME_ALEXANDRIA_SUSIANA,0
794,CIVILIZATION_MACEDON,,,LOC_CITY_NAME_APOLLONIA,0
795,CIVILIZATION_MACEDON,,,LOC_CITY_NAME_BATMAN,0
796,CIVILIZATION_PERSIA,,,LOC_CITY_NAME_PASARGADAE,0
797,CIVILIZATION_PERSIA,,,LOC_CITY_NAME_SUSA,0
798,CIVILIZATION_PERSIA,,,LOC_CITY_NAME_HAGMATANA,0
799,CIVILIZATION_PERSIA,,,LOC_CITY_NAME_TARSUS,0
800,CIVILIZATION_PERSIA,,,LOC_CITY_NAME_BAKHTRI,0
801,CIVILIZATION_PERSIA,,,LOC_CITY_NAME_SPARDA,0
802,CIVILIZATION_PERSIA,,,LOC_CITY_NAME_GORDIAN,0
803,CIVILIZATION_PERSIA,,,LOC_CITY_NAME_TUSHPA,0
804,CIVILIZATION_PERSIA,,,LOC_CITY_NAME_RAY,0
805,CIVILIZATION_PERSIA,,,LOC_CITY_NAME_ZRANKA,0
806,CIVILIZATION_PERSIA,,,LOC_CITY_NAME_SHAHR_I_QUMIS,0
807,CIVILIZATION_PERSIA,,,LOC_CITY_NAME_PARSA,0
808,CIVILIZATION_PERSIA,,,LOC_CITY_NAME_HALICARNASSUS,0
809,CIVILIZATION_PERSIA,,,LOC_CITY_NAME_ISPAHAN,0
810,CIVILIZATION_PERSIA,,,LOC_CITY_NAME_TYAIY_DRAYAHYA,0
811,CIVILIZATION_PERSIA,,,LOC_CITY_NAME_MAZAKA,0
812,CIVILIZATION_PERSIA,,,LOC_CITY_NAME_HARAIVA,0
813,CIVILIZATION_PERSIA,,,LOC_CITY_NAME_ANASHAN,0
814,CIVILIZATION_PERSIA,,,LOC_CITY_NAME_PUSHKALAVATI,0
815,CIVILIZATION_PERSIA,,,LOC_CITY_NAME_PURA,0
816,CIVILIZATION_PERSIA,,,LOC_CITY_NAME_TAXILA,0
817,CIVILIZATION_PERSIA,,,LOC_CITY_NAME_BUKHARA,0
818,CIVILIZATION_PERSIA,,,LOC_CITY_NAME_GANZAK,0
819,CIVILIZATION_PERSIA,,,LOC_CITY_NAME_MARAKANDA,0
820,CIVILIZATION_PERSIA,,,LOC_CITY_NAME_THAPSACUS,0
821,CIVILIZATION_PERSIA,,,LOC_CITY_NAME_ISTAKHR,0
822,CIVILIZATION_PERSIA,,,LOC_CITY_NAME_ARTASHAT,0
823,CIVILIZATION_PERSIA,,,LOC_CITY_NAME_IZKI,0
824,CIVILIZATION_PERSIA,,,LOC_CITY_NAME_BORAZJAN,0
825,CIVILIZATION_PERSIA,,,LOC_CITY_NAME_CYRA,0
826,CIVILIZATION_PERSIA,,,LOC_CITY_NAME_TOPRAK_QALA,0
827,CIVILIZATION_AUSTRALIA,,,LOC_CITY_NAME_CANBERRA,0
828,CIVILIZATION_AUSTRALIA,,,LOC_CITY_NAME_SYDNEY,0
829,CIVILIZATION_AUSTRALIA,,,LOC_CITY_NAME_MELBOURNE,0
830,CIVILIZATION_AUSTRALIA,,,LOC_CITY_NAME_BRISBANE,0
831,CIVILIZATION_AUSTRALIA,,,LOC_CITY_NAME_ADELAIDE,0
832,CIVILIZATION_AUSTRALIA,,,LOC_CITY_NAME_PERTH,0
833,CIVILIZATION_AUSTRALIA,,,LOC_CITY_NAME_NEWCASTLE,0
834,CIVILIZATION_AUSTRALIA,,,LOC_CITY_NAME_HOBART,0
835,CIVILIZATION_AUSTRALIA,,,LOC_CITY_NAME_GEELONG,0
836,CIVILIZATION_AUSTRALIA,,,LOC_CITY_NAME_LAUNCESTON,0
837,CIVILIZATION_AUSTRALIA,,,LOC_CITY_NAME_BALLAARAT,0
838,CIVILIZATION_AUSTRALIA,,,LOC_CITY_NAME_ROCKHAMPTON,0
839,CIVILIZATION_AUSTRALIA,,,LOC_CITY_NAME_TOOWOOMBA,0
840,CIVILIZATION_AUSTRALIA,,,LOC_CITY_NAME_TOWNSVILLE,0
841,CIVILIZATION_AUSTRALIA,,,LOC_CITY_NAME_BENDIGO,0
842,CIVILIZATION_AUSTRALIA,,,LOC_CITY_NAME_BROKEN_HILL,0
843,CIVILIZATION_AUSTRALIA,,,LOC_CITY_NAME_MAITLAND,0
844,CIVILIZATION_AUSTRALIA,,,LOC_CITY_NAME_WOLLONGONG,0
845,CIVILIZATION_AUSTRALIA,,,LOC_CITY_NAME_CAIRNS,0
846,CIVILIZATION_AUSTRALIA,,,LOC_CITY_NAME_DARWIN,0
847,CIVILIZATION_AUSTRALIA,,,LOC_CITY_NAME_GOULBURN,0
848,CIVILIZATION_AUSTRALIA,,,LOC_CITY_NAME_BUNDABERG,0
849,CIVILIZATION_AUSTRALIA,,,LOC_CITY_NAME_WAGGA_WAGGA,0
850,CIVILIZATION_AUSTRALIA,,,LOC_CITY_NAME_LISMORE,0
851,CIVILIZATION_AUSTRALIA,,,LOC_CITY_NAME_LITHGOW,0
852,CIVILIZATION_AUSTRALIA,,,LOC_CITY_NAME_MARYBOROUGH,0
853,CIVILIZATION_AUSTRALIA,,,LOC_CITY_NAME_ALBURY,0
854,CIVILIZATION_AUSTRALIA,,,LOC_CITY_NAME_ORANGE,0
855,CIVILIZATION_AUSTRALIA,,,LOC_CITY_NAME_FREMANTLE,0
856,CIVILIZATION_AUSTRALIA,,,LOC_CITY_NAME_TWEED_HEADS,0
857,CIVILIZATION_AUSTRALIA,,,LOC_CITY_NAME_COFFS_HARBOUR,0
858,CIVILIZATION_AUSTRALIA,,,LOC_CITY_NAME_HERVEY_BAY,0
859,CIVILIZATION_AUSTRALIA,,,LOC_CITY_NAME_KALGOORLIE,0
860,CIVILIZATION_AUSTRALIA,,,LOC_CITY_NAME_PORT_MACQUARIE,0
861,CIVILIZATION_AUSTRALIA,,,LOC_CITY_NAME_ALICE_SPRINGS,0
862,CIVILIZATION_AUSTRALIA,,,LOC_CITY_NAME_BATHURST,0
863,CIVILIZATION_AUSTRALIA,,,LOC_CITY_NAME_GLADSTONE,0
864,CIVILIZATION_AUSTRALIA,,,LOC_CITY_NAME_QUEANBEYAN,0
865,CIVILIZATION_AUSTRALIA,,,LOC_CITY_NAME_PORT_PIRIE,0
866,CIVILIZATION_AUSTRALIA,,,LOC_CITY_NAME_BOOMAHNOOMOONAH,0
867,CIVILIZATION_CREE,,,LOC_CITY_NAME_MIKISIW_WACIHK,0
868,CIVILIZATION_CREE,,,LOC_CITY_NAME_AHTAHKAKOOP,0
869,CIVILIZATION_CREE,,,LOC_CITY_NAME_PIHTOKAHANAPIWIYIN,0
870,CIVILIZATION_CREE,,,LOC_CITY_NAME_MISTAHI_SIPIHK,0
871,CIVILIZATION_CREE,,,LOC_CITY_NAME_MISTAWASIS,0
872,CIVILIZATION_CREE,,,LOC_CITY_NAME_WIHKASKO_KISEYIN,0
873,CIVILIZATION_CREE,,,LOC_CITY_NAME_MAKWA_SAKAHIKAN,0
874,CIVILIZATION_CREE,,,LOC_CITY_NAME_MASKOTEW,0
875,CIVILIZATION_CREE,,,LOC_CITY_NAME_PASKWAW_ASKIHK,0
876,CIVILIZATION_CREE,,,LOC_CITY_NAME_PIYESIW_AWASIS,0
877,CIVILIZATION_CREE,,,LOC_CITY_NAME_PEEPEEKISIS,0
878,CIVILIZATION_CREE,,,LOC_CITY_NAME_KINOSEW_SAKAHIKAN,0
879,CIVILIZATION_CREE,,,LOC_CITY_NAME_KA_PEYAKWASKONAM,0
880,CIVILIZATION_CREE,,,LOC_CITY_NAME_MISSANABIE,0
881,CIVILIZATION_CREE,,,LOC_CITY_NAME_MOOSOMIN,0
882,CIVILIZATION_CREE,,,LOC_CITY_NAME_KAWACATOOSE,0
883,CIVILIZATION_CREE,,,LOC_CITY_NAME_WHAPMAGOOSTUI,0
884,CIVILIZATION_CREE,,,LOC_CITY_NAME_OKANESE,0
885,CIVILIZATION_CREE,,,LOC_CITY_NAME_CHEMAWAWIN,0
886,CIVILIZATION_CREE,,,LOC_CITY_NAME_KA_KIWISTAHAW,0
887,CIVILIZATION_CREE,,,LOC_CITY_NAME_NEKANEET,0
888,CIVILIZATION_CREE,,,LOC_CITY_NAME_KAWAWACHIKAMACH,0
889,CIVILIZATION_CREE,,,LOC_CITY_NAME_NATASHQUAN,0
890,CIVILIZATION_CREE,,,LOC_CITY_NAME_WAPI_MASKWA,0
891,CIVILIZATION_CREE,,,LOC_CITY_NAME_WASKAHIKANIHK,0
892,CIVILIZATION_CREE,,,LOC_CITY_NAME_PAPEWE,0
893,CIVILIZATION_CREE,,,LOC_CITY_NAME_KA_OHPAWAKASTAHK,0
894,CIVILIZATION_CREE,,,LOC_CITY_NAME_OCHAPOWACE,0
895,CIVILIZATION_CREE,,,LOC_CITY_NAME_TATASKWEYAK,0
896,CIVILIZATION_CREE,,,LOC_CITY_NAME_POSAKANACIHK,0
897,CIVILIZATION_GEORGIA,,,LOC_CITY_NAME_TBILISI,0
898,CIVILIZATION_GEORGIA,,,LOC_CITY_NAME_KUTAISI,0
899,CIVILIZATION_GEORGIA,,,LOC_CITY_NAME_BATUMI,0
900,CIVILIZATION_GEORGIA,,,LOC_CITY_NAME_RUSTAVI,0
901,CIVILIZATION_GEORGIA,,,LOC_CITY_NAME_TSKHUMI,0
902,CIVILIZATION_GEORGIA,,,LOC_CITY_NAME_GORI,0
903,CIVILIZATION_GEORGIA,,,LOC_CITY_NAME_TELAVI,0
904,CIVILIZATION_GEORGIA,,,LOC_CITY_NAME_POTI,0
905,CIVILIZATION_GEORGIA,,,LOC_CITY_NAME_MTSKHETA,0
906,CIVILIZATION_GEORGIA,,,LOC_CITY_NAME_ZUGDIDI,0
907,CIVILIZATION_GEORGIA,,,LOC_CITY_NAME_AKHALKALAKI,0
908,CIVILIZATION_GEORGIA,,,LOC_CITY_NAME_KASPI,0
909,CIVILIZATION_GEORGIA,,,LOC_CITY_NAME_TSKHINVALI,0
910,CIVILIZATION_GEORGIA,,,LOC_CITY_NAME_OMALO,0
911,CIVILIZATION_GEORGIA,,,LOC_CITY_NAME_TSAGERI,0
912,CIVILIZATION_GEORGIA,,,LOC_CITY_NAME_ZESTAFONI,0
913,CIVILIZATION_GEORGIA,,,LOC_CITY_NAME_BICHVINTA,0
914,CIVILIZATION_GEORGIA,,,LOC_CITY_NAME_BORJOMI,0
915,CIVILIZATION_GEORGIA,,,LOC_CITY_NAME_TSALKA,0
916,CIVILIZATION_GEORGIA,,,LOC_CITY_NAME_ONI,0
917,CIVILIZATION_GEORGIA,,,LOC_CITY_NAME_TIANETI,0
918,CIVILIZATION_GEORGIA,,,LOC_CITY_NAME_TMOGVI,0
919,CIVILIZATION_GEORGIA,,,LOC_CITY_NAME_AKHALTSIKHE,0
920,CIVILIZATION_GEORGIA,,,LOC_CITY_NAME_GEGUTI,0
921,CIVILIZATION_GEORGIA,,,LOC_CITY_NAME_NICOPSIA,0
922,CIVILIZATION_GEORGIA,,,LOC_CITY_NAME_DMANISI,0
923,CIVILIZATION_GEORGIA,,,LOC_CITY_NAME_URBNISI,0
924,CIVILIZATION_GEORGIA,,,LOC_CITY_NAME_MUTSO,0
925,CIVILIZATION_GEORGIA,,,LOC_CITY_NAME_AKHALI_ATONI,0
926,CIVILIZATION_GEORGIA,,,LOC_CITY_NAME_DEDOPLISTSQARO,0
927,CIVILIZATION_KOREA,,,LOC_CITY_NAME_GYEONGJU,0
928,CIVILIZATION_KOREA,,,LOC_CITY_NAME_GWANGJU,0
929,CIVILIZATION_KOREA,,,LOC_CITY_NAME_JEONJU,0
930,CIVILIZATION_KOREA,,,LOC_CITY_NAME_JINJU,0
931,CIVILIZATION_KOREA,,,LOC_CITY_NAME_CHUNCHEON,0
932,CIVILIZATION_KOREA,,,LOC_CITY_NAME_YANGSAN,0
933,CIVILIZATION_KOREA,,,LOC_CITY_NAME_GANGNEUNG,0
934,CIVILIZATION_KOREA,,,LOC_CITY_NAME_SEOUL,0
935,CIVILIZATION_KOREA,,,LOC_CITY_NAME_GONGJU,0
936,CIVILIZATION_KOREA,,,LOC_CITY_NAME_SANGJU,0
937,CIVILIZATION_KOREA,,,LOC_CITY_NAME_DAEGU,0
938,CIVILIZATION_KOREA,,,LOC_CITY_NAME_BUSAN,0
939,CIVILIZATION_KOREA,,,LOC_CITY_NAME_PYONGYANG,0
940,CIVILIZATION_KOREA,,,LOC_CITY_NAME_DAEJEON,0
941,CIVILIZATION_KOREA,,,LOC_CITY_NAME_SUWON,0
942,CIVILIZATION_KOREA,,,LOC_CITY_NAME_CHANGWON,0
943,CIVILIZATION_KOREA,,,LOC_CITY_NAME_CHEONGJU,0
944,CIVILIZATION_KOREA,,,LOC_CITY_NAME_GIMHAE,0
945,CIVILIZATION_KOREA,,,LOC_CITY_NAME_GUMI,0
946,CIVILIZATION_KOREA,,,LOC_CITY_NAME_IKSAN,0
947,CIVILIZATION_KOREA,,,LOC_CITY_NAME_KAESONG,0
948,CIVILIZATION_KOREA,,,LOC_CITY_NAME_JEJU,0
949,CIVILIZATION_KOREA,,,LOC_CITY_NAME_GUNPO,0
950,CIVILIZATION_KOREA,,,LOC_CITY_NAME_YEOSU,0
951,CIVILIZATION_KOREA,,,LOC_CITY_NAME_SUNCHEON,0
952,CIVILIZATION_KOREA,,,LOC_CITY_NAME_MOKPO,0
953,CIVILIZATION_KOREA,,,LOC_CITY_NAME_GEOJE,0
954,CIVILIZATION_KOREA,,,LOC_CITY_NAME_JEONGEUP,0
955,CIVILIZATION_KOREA,,,LOC_CITY_NAME_INCHEON,0
956,CIVILIZATION_KOREA,,,LOC_CITY_NAME_HAMHUNG,0
957,CIVILIZATION_KOREA,,,LOC_CITY_NAME_GYEONGGI_GWANGJU,0
958,CIVILIZATION_KOREA,,,LOC_CITY_NAME_POHANG,0
959,CIVILIZATION_MAPUCHE,,,LOC_CITY_NAME_NGULU_MAPU,0
960,CIVILIZATION_MAPUCHE,,,LOC_CITY_NAME_PUEL_MAPU,0
961,CIVILIZATION_MAPUCHE,,,LOC_CITY_NAME_PIKUN_MAPU,0
962,CIVILIZATION_MAPUCHE,,,LOC_CITY_NAME_NAG_MAPU,0
963,CIVILIZATION_MAPUCHE,,,LOC_CITY_NAME_WILLI_MAPU,0
964,CIVILIZATION_MAPUCHE,,,LOC_CITY_NAME_PEWEN_MAPU,0
965,CIVILIZATION_MAPUCHE,,,LOC_CITY_NAME_WENTE_MAPU,0
966,CIVILIZATION_MAPUCHE,,,LOC_CITY_NAME_HUILLI_MAPU,0
967,CIVILIZATION_MAPUCHE,,,LOC_CITY_NAME_LAFKEN_MAPU,0
968,CIVILIZATION_MAPUCHE,,,LOC_CITY_NAME_INA_PIRE_MAPU,0
969,CIVILIZATION_MAPUCHE,,,LOC_CITY_NAME_MAMULL_MAPU,0
970,CIVILIZATION_MAPUCHE,,,LOC_CITY_NAME_RANGKUL_MAPU,0
971,CIVILIZATION_MAPUCHE,,,LOC_CITY_NAME_CHADI_MAPU,0
972,CIVILIZATION_MAPUCHE,,,LOC_CITY_NAME_PEHUEN_MAPU,0
973,CIVILIZATION_MAPUCHE,,,LOC_CITY_NAME_PUEL_WILLI_MAPU,0
974,CIVILIZATION_MAPUCHE,,,LOC_CITY_NAME_BAFKEH_MAPU,0
975,CIVILIZATION_MAPUCHE,,,LOC_CITY_NAME_PENI_MAPU,0
976,CIVILIZATION_MAPUCHE,,,LOC_CITY_NAME_BOROA_MAPU,0
977,CIVILIZATION_MAPUCHE,,,LOC_CITY_NAME_LELFUN_MAPU,0
978,CIVILIZATION_MAPUCHE,,,LOC_CITY_NAME_KALLFU_MAPU,0
979,CIVILIZATION_MAPUCHE,,,LOC_CITY_NAME_CHOL_CHOL_MAPU,0
980,CIVILIZATION_MAPUCHE,,,LOC_CITY_NAME_MAKEWE_MAPU,0
981,CIVILIZATION_MAPUCHE,,,LOC_CITY_NAME_FOROWE_MAPU,0
982,CIVILIZATION_MAPUCHE,,,LOC_CITY_NAME_WARRIA_MAPU,0
983,CIVILIZATION_MAPUCHE,,,LOC_CITY_NAME_TEHUEL_MAPU,0
984,CIVILIZATION_MAPUCHE,,,LOC_CITY_NAME_KUNKO_MAPU,0
985,CIVILIZATION_MAPUCHE,,,LOC_CITY_NAME_MOLU_MAPU,0
986,CIVILIZATION_MAPUCHE,,,LOC_CITY_NAME_RANI_MAPU,0
987,CIVILIZATION_MAPUCHE,,,LOC_CITY_NAME_XUF_XUF_MAPU,0
988,CIVILIZATION_MAPUCHE,,,LOC_CITY_NAME_FUDI_MAPU,0
989,CIVILIZATION_MONGOLIA,,,LOC_CITY_NAME_QARAQORUM,0
990,CIVILIZATION_MONGOLIA,,,LOC_CITY_NAME_ULAANBAATAR,0
991,CIVILIZATION_MONGOLIA,,,LOC_CITY_NAME_URUMQI,0
992,CIVILIZATION_MONGOLIA,,,LOC_CITY_NAME_KOOKEQOTA,0
993,CIVILIZATION_MONGOLIA,,,LOC_CITY_NAME_AKSU,0
994,CIVILIZATION_MONGOLIA,,,LOC_CITY_NAME_ALMALIQ,0
995,CIVILIZATION_MONGOLIA,,,LOC_CITY_NAME_QARAQOTO,0
996,CIVILIZATION_MONGOLIA,,,LOC_CITY_NAME_CHOIR,0
997,CIVILIZATION_MONGOLIA,,,LOC_CITY_NAME_QARABALGHASUN,0
998,CIVILIZATION_MONGOLIA,,,LOC_CITY_NAME_QESHQER,0
999,CIVILIZATION_MONGOLIA,,,LOC_CITY_NAME_HAMI,0
1000,CIVILIZATION_MONGOLIA,,,LOC_CITY_NAME_KORLA,0
1001,CIVILIZATION_MONGOLIA,,,LOC_CITY_NAME_IRYAI,0
1002,CIVILIZATION_MONGOLIA,,,LOC_CITY_NAME_TUNGLIYOU,0
1003,CIVILIZATION_MONGOLIA,,,LOC_CITY_NAME_KOBDO,0
1004,CIVILIZATION_MONGOLIA,,,LOC_CITY_NAME_ULIYASUTAI,0
1005,CIVILIZATION_MONGOLIA,,,LOC_CITY_NAME_BUGUTU,0
1006,CIVILIZATION_MONGOLIA,,,LOC_CITY_NAME_ULAANGOM,0
1007,CIVILIZATION_MONGOLIA,,,LOC_CITY_NAME_YINGCHANG,0
1008,CIVILIZATION_MONGOLIA,,,LOC_CITY_NAME_XILINHOT,0
1009,CIVILIZATION_MONGOLIA,,,LOC_CITY_NAME_YINING,0
1010,CIVILIZATION_MONGOLIA,,,LOC_CITY_NAME_BAYANNAGUR,0
1011,CIVILIZATION_MONGOLIA,,,LOC_CITY_NAME_DATONG,0
1012,CIVILIZATION_MONGOLIA,,,LOC_CITY_NAME_ORDOS,0
1013,CIVILIZATION_MONGOLIA,,,LOC_CITY_NAME_LANZHOU,0
1014,CIVILIZATION_MONGOLIA,,,LOC_CITY_NAME_TSETSERLEG,0
1015,CIVILIZATION_MONGOLIA,,,LOC_CITY_NAME_BESHBALIK,0
1016,CIVILIZATION_MONGOLIA,,,LOC_CITY_NAME_QOCO,0
1017,CIVILIZATION_MONGOLIA,,,LOC_CITY_NAME_XANADU,0
1018,CIVILIZATION_MONGOLIA,,,LOC_CITY_NAME_MORON,0
1019,CIVILIZATION_NETHERLANDS,,,LOC_CITY_NAME_AMSTERDAM,0
1020,CIVILIZATION_NETHERLANDS,,,LOC_CITY_NAME_ROTTERDAM,0
1021,CIVILIZATION_NETHERLANDS,,,LOC_CITY_NAME_THE_HAGUE,0
1022,CIVILIZATION_NETHERLANDS,,,LOC_CITY_NAME_UTRECHT,0
1023,CIVILIZATION_NETHERLANDS,,,LOC_CITY_NAME_HAARLEM,0
1024,CIVILIZATION_NETHERLANDS,,,LOC_CITY_NAME_GRONINGEN,0
1025,CIVILIZATION_NETHERLANDS,,,LOC_CITY_NAME_EINDHOVEN,0
1026,CIVILIZATION_NETHERLANDS,,,LOC_CITY_NAME_NIJMEGEN,0
1027,CIVILIZATION_NETHERLANDS,,,LOC_CITY_NAME_TILBURG,0
1028,CIVILIZATION_NETHERLANDS,,,LOC_CITY_NAME_ARNHEM,0
1029,CIVILIZATION_NETHERLANDS,,,LOC_CITY_NAME_MAASTRICHT,0
1030,CIVILIZATION_NETHERLANDS,,,LOC_CITY_NAME_LEIDEN,0
1031,CIVILIZATION_NETHERLANDS,,,LOC_CITY_NAME_BATAVIA,0
1032,CIVILIZATION_NETHERLANDS,,,LOC_CITY_NAME_APELDOORN,0
1033,CIVILIZATION_NETHERLANDS,,,LOC_CITY_NAME_ENSCHEDE,0
1034,CIVILIZATION_NETHERLANDS,,,LOC_CITY_NAME_DORDRECHT,0
1035,CIVILIZATION_NETHERLANDS,,,LOC_CITY_NAME_DELFT,0
1036,CIVILIZATION_NETHERLANDS,,,LOC_CITY_NAME_LEEUWARDEN,0
1037,CIVILIZATION_NETHERLANDS,,,LOC_CITY_NAME_BREDA,0
1038,CIVILIZATION_NETHERLANDS,,,LOC_CITY_NAME_S_HERTOGENBOSCH,0
1039,CIVILIZATION_NETHERLANDS,,,LOC_CITY_NAME_ORANJESTAD,0
1040,CIVILIZATION_NETHERLANDS,,,LOC_CITY_NAME_HEERLEN,0
1041,CIVILIZATION_NETHERLANDS,,,LOC_CITY_NAME_ALMERE,0
1042,CIVILIZATION_NETHERLANDS,,,LOC_CITY_NAME_ZWOLLE,0
1043,CIVILIZATION_NETHERLANDS,,,LOC_CITY_NAME_FORT_ZEELANDIA,0
1044,CIVILIZATION_NETHERLANDS,,,LOC_CITY_NAME_AMERSFOORT,0
1045,CIVILIZATION_NETHERLANDS,,,LOC_CITY_NAME_WILLEMSTAD,0
1046,CIVILIZATION_NETHERLANDS,,,LOC_CITY_NAME_MIDDELBURG,0
1047,CIVILIZATION_NETHERLANDS,,,LOC_CITY_NAME_BRIELLE,0
1048,CIVILIZATION_NETHERLANDS,,,LOC_CITY_NAME_KRALENDIJK,0
1049,CIVILIZATION_NETHERLANDS,,,LOC_CITY_NAME_ASSEN,0
1050,CIVILIZATION_NETHERLANDS,,,LOC_CITY_NAME_FLUSHING,0
1051,CIVILIZATION_NETHERLANDS,,,LOC_CITY_NAME_ZUTPHEN,0
1052,CIVILIZATION_NETHERLANDS,,,LOC_CITY_NAME_ALKMAAR,0
1053,CIVILIZATION_SCOTLAND,,,LOC_CITY_NAME_STIRLING,0
1054,CIVILIZATION_SCOTLAND,,,LOC_CITY_NAME_EDINBURGH,0
1055,CIVILIZATION_SCOTLAND,,,LOC_CITY_NAME_ABERDEEN,0
1056,CIVILIZATION_SCOTLAND,,,LOC_CITY_NAME_ROXBURGH,0
1057,CIVILIZATION_SCOTLAND,,,LOC_CITY_NAME_HADDINGTON,0
1058,CIVILIZATION_SCOTLAND,,,LOC_CITY_NAME_DUMFRIES,0
1059,CIVILIZATION_SCOTLAND,,,LOC_CITY_NAME_DUNDEE,0
1060,CIVILIZATION_SCOTLAND,,,LOC_CITY_NAME_AYR,0
1061,CIVILIZATION_SCOTLAND,,,LOC_CITY_NAME_CULLEN,0
1062,CIVILIZATION_SCOTLAND,,,LOC_CITY_NAME_DUMBARTON,0
1063,CIVILIZATION_SCOTLAND,,,LOC_CITY_NAME_SCONE,0
1064,CIVILIZATION_SCOTLAND,,,LOC_CITY_NAME_FORRES,0
1065,CIVILIZATION_SCOTLAND,,,LOC_CITY_NAME_MONTROSE,0
1066,CIVILIZATION_SCOTLAND,,,LOC_CITY_NAME_WIGTOWN,0
1067,CIVILIZATION_SCOTLAND,,,LOC_CITY_NAME_PEAIRT,0
1068,CIVILIZATION_SCOTLAND,,,LOC_CITY_NAME_SELKIRK,0
1069,CIVILIZATION_SCOTLAND,,,LOC_CITY_NAME_PEEBLES,0
1070,CIVILIZATION_SCOTLAND,,,LOC_CITY_NAME_FORFAR,0
1071,CIVILIZATION_SCOTLAND,,,LOC_CITY_NAME_BERWICK_UPON_TWEED,0
1072,CIVILIZATION_SCOTLAND,,,LOC_CITY_NAME_GALASHIELS,0
1073,CIVILIZATION_SCOTLAND,,,LOC_CITY_NAME_ELGIN,0
1074,CIVILIZATION_SCOTLAND,,,LOC_CITY_NAME_GLASGOW,0
1075,CIVILIZATION_SCOTLAND,,,LOC_CITY_NAME_SAINT_ANDREWS,0
1076,CIVILIZATION_SCOTLAND,,,LOC_CITY_NAME_INVERNESS,0
1077,CIVILIZATION_SCOTLAND,,,LOC_CITY_NAME_CUMBERNAULD,0
1078,CIVILIZATION_SCOTLAND,,,LOC_CITY_NAME_DUNFERMLINE,0
1079,CIVILIZATION_SCOTLAND,,,LOC_CITY_NAME_LINLITHGOW,0
1080,CIVILIZATION_SCOTLAND,,,LOC_CITY_NAME_PRESTWICK,0
1081,CIVILIZATION_SCOTLAND,,,LOC_CITY_NAME_CUPAR,0
1082,CIVILIZATION_SCOTLAND,,,LOC_CITY_NAME_CLACKMANNAN,0
1083,CIVILIZATION_SCOTLAND,,,LOC_CITY_NAME_JEDBURGH,0
1084,CIVILIZATION_ZULU,,,LOC_CITY_NAME_ULUNDI,0
1085,CIVILIZATION_ZULU,,,LOC_CITY_NAME_UMGUNGUNDLOVU,0
1086,CIVILIZATION_ZULU,,,LOC_CITY_NAME_NOBAMBA,0
1087,CIVILIZATION_ZULU,,,LOC_CITY_NAME_BULAWAYO,0
1088,CIVILIZATION_ZULU,,,LOC_CITY_NAME_KWADUKUZA,0
1089,CIVILIZATION_ZULU,,,LOC_CITY_NAME_NONGOMA,0
1090,CIVILIZATION_ZULU,,,LOC_CITY_NAME_ONDINI,0
1091,CIVILIZATION_ZULU,,,LOC_CITY_NAME_NODWENGU,0
1092,CIVILIZATION_ZULU,,,LOC_CITY_NAME_NDONDAKUSUKA,0
1093,CIVILIZATION_ZULU,,,LOC_CITY_NAME_BABANANGO,0
1094,CIVILIZATION_ZULU,,,LOC_CITY_NAME_KHANGELA,0
1095,CIVILIZATION_ZULU,,,LOC_CITY_NAME_KWAHLOMENDLINI,0
1096,CIVILIZATION_ZULU,,,LOC_CITY_NAME_HLOBANE,0
1097,CIVILIZATION_ZULU,,,LOC_CITY_NAME_ETHEKWINI,0
1098,CIVILIZATION_ZULU,,,LOC_CITY_NAME_MLAMBONGWENYA,0
1099,CIVILIZATION_ZULU,,,LOC_CITY_NAME_EZIQWAQWENI,0
1100,CIVILIZATION_ZULU,,,LOC_CITY_NAME_EMANGWENI,0
1101,CIVILIZATION_ZULU,,,LOC_CITY_NAME_ISIPHEZI,0
1102,CIVILIZATION_ZULU,,,LOC_CITY_NAME_MASOTSHENI,0
1103,CIVILIZATION_ZULU,,,LOC_CITY_NAME_MTUNZINI,0
1104,CIVILIZATION_ZULU,,,LOC_CITY_NAME_NYAKAMUBI,0
1105,CIVILIZATION_ZULU,,,LOC_CITY_NAME_DUMAZULU,0
1106,CIVILIZATION_ZULU,,,LOC_CITY_NAME_HLATIKULU,0
1107,CIVILIZATION_ZULU,,,LOC_CITY_NAME_MTHONJANENI,0
1108,CIVILIZATION_ZULU,,,LOC_CITY_NAME_EMPANGENI,0
1109,CIVILIZATION_ZULU,,,LOC_CITY_NAME_PONGOLA,0
1110,CIVILIZATION_ZULU,,,LOC_CITY_NAME_TUNGELA,0
1111,CIVILIZATION_ZULU,,,LOC_CITY_NAME_KWAMASHU,0
1112,CIVILIZATION_ZULU,,,LOC_CITY_NAME_INGWAVUMA,0
1113,CIVILIZATION_ZULU,,,LOC_CITY_NAME_HLUHLUWE,0
1114,CIVILIZATION_ZULU,,,LOC_CITY_NAME_MTUBATUBA,0
1115,CIVILIZATION_ZULU,,,LOC_CITY_NAME_MHLAHLANDLELA,0
1116,CIVILIZATION_ZULU,,,LOC_CITY_NAME_MTHATHA,0
1117,CIVILIZATION_ZULU,,,LOC_CITY_NAME_MASERU,0
1118,CIVILIZATION_ZULU,,,LOC_CITY_NAME_LOBAMBA,0
1119,CIVILIZATION_ZULU,,,LOC_CITY_NAME_QUNU,0
1120,CIVILIZATION_ANTIOCH,,,LOC_CITY_NAME_ANTIOCH,0
1121,CIVILIZATION_BABYLON,,,LOC_CITY_NAME_BABYLON,0
1122,CIVILIZATION_BRAZIL,,,LOC_CITY_NAME_VITORIA,0
1123,CIVILIZATION_BRAZIL,,,LOC_CITY_NAME_BELO_HORIZONTE,0
1124,CIVILIZATION_BRAZIL,,,LOC_CITY_NAME_GOIANIA,0
1125,CIVILIZATION_BRAZIL,,,LOC_CITY_NAME_DUQUE_DE_CAXIAS,0
1126,CIVILIZATION_BRAZIL,,,LOC_CITY_NAME_CAMPO_GRANDE,0
1127,CIVILIZATION_BRAZIL,,,LOC_CITY_NAME_PARNAIBA,0
1128,CIVILIZATION_BRAZIL,,,LOC_CITY_NAME_FLORIANOPOLIS,0
1129,CIVILIZATION_BRAZIL,,,LOC_CITY_NAME_NOVA_IGUACU,0
1130,CIVILIZATION_BRAZIL,,,LOC_CITY_NAME_SAO_BERNARDO_DO_CAMPO,0
1131,CIVILIZATION_BRAZIL,,,LOC_CITY_NAME_JOAO_PESSOA,0
1132,CIVILIZATION_BRAZIL,,,LOC_CITY_NAME_OSASCO,0
1133,CIVILIZATION_BRAZIL,,,LOC_CITY_NAME_JABOATAO_DOS_GUARARAPES,0
1134,CIVILIZATION_BRAZIL,,,LOC_CITY_NAME_SAO_JOSE_DOS_CAMPOS,0
1135,CIVILIZATION_BRAZIL,,,LOC_CITY_NAME_CONTAGEM,0
1136,CIVILIZATION_BRAZIL,,,LOC_CITY_NAME_UBERLANDIA,0
1137,CIVILIZATION_BRAZIL,,,LOC_CITY_NAME_ARACAJU,0
1138,CIVILIZATION_BRAZIL,,,LOC_CITY_NAME_CUIABA,0
1139,CIVILIZATION_BRAZIL,,,LOC_CITY_NAME_FEIRA_DE_SANTANA,0
1140,CIVILIZATION_BRAZIL,,,LOC_CITY_NAME_JUIZ_DE_FORA,0
1141,CIVILIZATION_BRAZIL,,,LOC_CITY_NAME_JOINVILLE,0
1142,CIVILIZATION_BRAZIL,,,LOC_CITY_NAME_MACAPA,0
1143,CIVILIZATION_BRAZIL,,,LOC_CITY_NAME_JUNDIAI,0
1144,CIVILIZATION_CANADA,,,LOC_CITY_NAME_OTTAWA,0
1145,CIVILIZATION_CANADA,,,LOC_CITY_NAME_MONTREAL,0
1146,CIVILIZATION_CANADA,,,LOC_CITY_NAME_TORONTO,0
1147,CIVILIZATION_CANADA,,,LOC_CITY_NAME_QUEBEC_CITY,0
1148,CIVILIZATION_CANADA,,,LOC_CITY_NAME_HAMILTON,0
1149,CIVILIZATION_CANADA,,,LOC_CITY_NAME_WINNIPEG,0
1150,CIVILIZATION_CANADA,,,LOC_CITY_NAME_HALIFAX,0
1151,CIVILIZATION_CANADA,,,LOC_CITY_NAME_SAINT_JOHN,0
1152,CIVILIZATION_CANADA,,,LOC_CITY_NAME_VANCOUVER,0
1153,CIVILIZATION_CANADA,,,LOC_CITY_NAME_VICTORIA,0
1154,CIVILIZATION_CANADA,,,LOC_CITY_NAME_KINGSTON,0
1155,CIVILIZATION_CANADA,,,LOC_CITY_NAME_BRANTFORD,0
1156,CIVILIZATION_CANADA,,,LOC_CITY_NAME_WINDSOR,0
1157,CIVILIZATION_CANADA,,,LOC_CITY_NAME_CHARLOTTETOWN,0
1158,CIVILIZATION_CANADA,,,LOC_CITY_NAME_CALGARY,0
1159,CIVILIZATION_CANADA,,,LOC_CITY_NAME_SHERBROOKE,0
1160,CIVILIZATION_CANADA,,,LOC_CITY_NAME_GUELPH,0
1161,CIVILIZATION_CANADA,,,LOC_CITY_NAME_PETERBOROUGH,0
1162,CIVILIZATION_CANADA,,,LOC_CITY_NAME_VALLEYFIELD,0
1163,CIVILIZATION_CANADA,,,LOC_CITY_NAME_EDMONTON,0
1164,CIVILIZATION_CANADA,,,LOC_CITY_NAME_TROIS_RIVIERES,0
1165,CIVILIZATION_CANADA,,,LOC_CITY_NAME_STRATFORD,0
1166,CIVILIZATION_CANADA,,,LOC_CITY_NAME_SAINT_CATHERINES,0
1167,CIVILIZATION_CANADA,,,LOC_CITY_NAME_WATERLOO,0
1168,CIVILIZATION_CANADA,,,LOC_CITY_NAME_SAINT_HYACINTHE,0
1169,CIVILIZATION_CANADA,,,LOC_CITY_NAME_SAINT_JOHNS,0
1170,CIVILIZATION_CANADA,,,LOC_CITY_NAME_DAWSON_CITY,0
1171,CIVILIZATION_CANADA,,,LOC_CITY_NAME_BELLEVILLE,0
1172,CIVILIZATION_CANADA,,,LOC_CITY_NAME_CHATHAM,0
1173,CIVILIZATION_CANADA,,,LOC_CITY_NAME_SASKATOON,0
1174,CIVILIZATION_CANADA,,,LOC_CITY_NAME_MONCTON,0
1175,CIVILIZATION_CANADA,,,LOC_CITY_NAME_MISSISSAUGA,0
1176,CIVILIZATION_CANADA,,,LOC_CITY_NAME_BROCKVILLE,0
1177,CIVILIZATION_CANADA,,,LOC_CITY_NAME_REGINA,0
1178,CIVILIZATION_CANADA,,,LOC_CITY_NAME_RED_DEER,0
1179,CIVILIZATION_CANADA,,,LOC_CITY_NAME_BRANDON,0
1180,CIVILIZATION_CANADA,,,LOC_CITY_NAME_SAULT_SAINTE_MARIE,0
1181,CIVILIZATION_CANADA,,,LOC_CITY_NAME_LETHBRIDGE,0
1182,CIVILIZATION_CANADA,,,LOC_CITY_NAME_SAINT_LIN,0
1183,CIVILIZATION_CANADA,,,LOC_CITY_NAME_WHITEHORSE,0
1184,CIVILIZATION_CANADA,,,LOC_CITY_NAME_THUNDER_BAY,0
1185,CIVILIZATION_HUNGARY,,,LOC_CITY_NAME_BUDA,0
1186,CIVILIZATION_HUNGARY,,,LOC_CITY_NAME_DEBRECEN,0
1187,CIVILIZATION_HUNGARY,,,LOC_CITY_NAME_ESZTERGOM,0
1188,CIVILIZATION_HUNGARY,,,LOC_CITY_NAME_PECS,0
1189,CIVILIZATION_HUNGARY,,,LOC_CITY_NAME_SZEGED,0
1190,CIVILIZATION_HUNGARY,,,LOC_CITY_NAME_PEST,0
1191,CIVILIZATION_HUNGARY,,,LOC_CITY_NAME_EGER,0
1192,CIVILIZATION_HUNGARY,,,LOC_CITY_NAME_MISKOLC,0
1193,CIVILIZATION_HUNGARY,,,LOC_CITY_NAME_GYOR,0
1194,CIVILIZATION_HUNGARY,,,LOC_CITY_NAME_SZEKESFEHERVAR,0
1195,CIVILIZATION_HUNGARY,,,LOC_CITY_NAME_OBUDA,0
1196,CIVILIZATION_HUNGARY,,,LOC_CITY_NAME_KOSZEG,0
1197,CIVILIZATION_HUNGARY,,,LOC_CITY_NAME_TATABANYA,0
1198,CIVILIZATION_HUNGARY,,,LOC_CITY_NAME_KOLOZSVAR,0
1199,CIVILIZATION_HUNGARY,,,LOC_CITY_NAME_DIOSGYOR,0
1200,CIVILIZATION_HUNGARY,,,LOC_CITY_NAME_MOHACS,0
1201,CIVILIZATION_HUNGARY,,,LOC_CITY_NAME_TATA,0
1202,CIVILIZATION_HUNGARY,,,LOC_CITY_NAME_SZOLNOK,0
1203,CIVILIZATION_HUNGARY,,,LOC_CITY_NAME_KASSA,0
1204,CIVILIZATION_HUNGARY,,,LOC_CITY_NAME_KECSKEMET,0
1205,CIVILIZATION_HUNGARY,,,LOC_CITY_NAME_SZOMBATHELY,0
1206,CIVILIZATION_HUNGARY,,,LOC_CITY_NAME_SIMONTORNYA,0
1207,CIVILIZATION_HUNGARY,,,LOC_CITY_NAME_NYIREGYHAZA,0
1208,CIVILIZATION_HUNGARY,,,LOC_CITY_NAME_SARVAR,0
1209,CIVILIZATION_HUNGARY,,,LOC_CITY_NAME_SOPRON,0
1210,CIVILIZATION_HUNGARY,,,LOC_CITY_NAME_CSESZNEK,0
1211,CIVILIZATION_HUNGARY,,,LOC_CITY_NAME_ZAGRAB,0
1212,CIVILIZATION_HUNGARY,,,LOC_CITY_NAME_TEMESVAR,0
1213,CIVILIZATION_HUNGARY,,,LOC_CITY_NAME_NAGYVAZSONY,0
1214,CIVILIZATION_HUNGARY,,,LOC_CITY_NAME_HODMEZOVASARHELY,0
1215,CIVILIZATION_HUNGARY,,,LOC_CITY_NAME_SUMEG,0
1216,CIVILIZATION_HUNGARY,,,LOC_CITY_NAME_BAJA,0
1217,CIVILIZATION_INCA,,,LOC_CITY_NAME_QUSQU,0
1218,CIVILIZATION_INCA,,,LOC_CITY_NAME_ANTAWAYLLA,0
1219,CIVILIZATION_INCA,,,LOC_CITY_NAME_WANUKU,0
1220,CIVILIZATION_INCA,,,LOC_CITY_NAME_WILLKA_WAMAN,0
1221,CIVILIZATION_INCA,,,LOC_CITY_NAME_MACHU,0
1222,CIVILIZATION_INCA,,,LOC_CITY_NAME_OLLANTAYTAMBO,0
1223,CIVILIZATION_INCA,,,LOC_CITY_NAME_SAUSA,0
1224,CIVILIZATION_INCA,,,LOC_CITY_NAME_KASHAMARKA,0
1225,CIVILIZATION_INCA,,,LOC_CITY_NAME_CHUCUITO,0
1226,CIVILIZATION_INCA,,,LOC_CITY_NAME_KITU_KARA,0
1227,CIVILIZATION_INCA,,,LOC_CITY_NAME_AYACUCHU,0
1228,CIVILIZATION_INCA,,,LOC_CITY_NAME_CHAN_CHAN,0
1229,CIVILIZATION_INCA,,,LOC_CITY_NAME_PISAC,0
1230,CIVILIZATION_INCA,,,LOC_CITY_NAME_HUANCABAMBA,0
1231,CIVILIZATION_INCA,,,LOC_CITY_NAME_AYAVIRI,0
1232,CIVILIZATION_INCA,,,LOC_CITY_NAME_ROSASPATA,0
1233,CIVILIZATION_INCA,,,LOC_CITY_NAME_PARIA,0
1234,CIVILIZATION_INCA,,,LOC_CITY_NAME_CHUQUIABO,0
1235,CIVILIZATION_INCA,,,LOC_CITY_NAME_PACHAKAMAQ,0
1236,CIVILIZATION_INCA,,,LOC_CITY_NAME_TUMBEZ,0
1237,CIVILIZATION_INCA,,,LOC_CITY_NAME_TUMIPAMPA,0
1238,CIVILIZATION_INCA,,,LOC_CITY_NAME_INGAPIRCA,0
1239,CIVILIZATION_INCA,,,LOC_CITY_NAME_INKA_WASI,0
1240,CIVILIZATION_INCA,,,LOC_CITY_NAME_ICA,0
1241,CIVILIZATION_INCA,,,LOC_CITY_NAME_PARAMONGA,0
1242,CIVILIZATION_INCA,,,LOC_CITY_NAME_PUKATAMPU,0
1243,CIVILIZATION_INCA,,,LOC_CITY_NAME_CHIQUITOY,0
1244,CIVILIZATION_INCA,,,LOC_CITY_NAME_PUKARA_CHENA,0
1245,CIVILIZATION_INCA,,,LOC_CITY_NAME_RANCHILLOS,0
1246,CIVILIZATION_INCA,,,LOC_CITY_NAME_PUMPU,0
1247,CIVILIZATION_INCA,,,LOC_CITY_NAME_PUKARA_ACONQUIJA,0
1248,CIVILIZATION_MALI,,,LOC_CITY_NAME_NIANI,0
1249,CIVILIZATION_MALI,,,LOC_CITY_NAME_TIMBUKTU,0
1250,CIVILIZATION_MALI,,,LOC_CITY_NAME_JENNE,0
1251,CIVILIZATION_MALI,,,LOC_CITY_NAME_GAO,0
1252,CIVILIZATION_MALI,,,LOC_CITY_NAME_KUMBI_SALEH,0
1253,CIVILIZATION_MALI,,,LOC_CITY_NAME_WALATA,0
1254,CIVILIZATION_MALI,,,LOC_CITY_NAME_TAWDENNI,0
1255,CIVILIZATION_MALI,,,LOC_CITY_NAME_TADMEKKA,0
1256,CIVILIZATION_MALI,,,LOC_CITY_NAME_AWDAGHUST,0
1257,CIVILIZATION_MALI,,,LOC_CITY_NAME_KIRINA,0
1258,CIVILIZATION_MALI,,,LOC_CITY_NAME_SEGU,0
1259,CIVILIZATION_MALI,,,LOC_CITY_NAME_NIORO,0
1260,CIVILIZATION_MALI,,,LOC_CITY_NAME_KANGABA,0
1261,CIVILIZATION_MALI,,,LOC_CITY_NAME_KOUROUSSA,0
1262,CIVILIZATION_MALI,,,LOC_CITY_NAME_NIAGASSOLA,0
1263,CIVILIZATION_MALI,,,LOC_CITY_NAME_DIARA,0
1264,CIVILIZATION_MALI,,,LOC_CITY_NAME_KAYES,0
1265,CIVILIZATION_MALI,,,LOC_CITY_NAME_NTERET,0
1266,CIVILIZATION_MALI,,,LOC_CITY_NAME_DIA,0
1267,CIVILIZATION_MALI,,,LOC_CITY_NAME_ARAWAN,0
1268,CIVILIZATION_MALI,,,LOC_CITY_NAME_KIRI,0
1269,CIVILIZATION_MALI,,,LOC_CITY_NAME_MOPTI,0
1270,CIVILIZATION_MALI,,,LOC_CITY_NAME_NARENA,0
1271,CIVILIZATION_MALI,,,LOC_CITY_NAME_DAKADIALA,0
1272,CIVILIZATION_MALI,,,LOC_CITY_NAME_KUKYA,0
1273,CIVILIZATION_MALI,,,LOC_CITY_NAME_SIBY,0
1274,CIVILIZATION_MALI,,,LOC_CITY_NAME_FADAMA,0
1275,CIVILIZATION_MALI,,,LOC_CITY_NAME_TABON,0
1276,CIVILIZATION_MALI,,,LOC_CITY_NAME_SIGUIRI,0
1277,CIVILIZATION_MALI,,,LOC_CITY_NAME_KANIANA,0
1278,CIVILIZATION_MAORI,,,LOC_CITY_NAME_TE_HOKIANGA_NU_A_KUPE,0
1279,CIVILIZATION_MAORI,,,LOC_CITY_NAME_NGARUAWAHIA,0
1280,CIVILIZATION_MAORI,,,LOC_CITY_NAME_OPANGO,0
1281,CIVILIZATION_MAORI,,,LOC_CITY_NAME_WHAKAREWAREWA,0
1282,CIVILIZATION_MAORI,,,LOC_CITY_NAME_KAIAPOI,0
1283,CIVILIZATION_MAORI,,,LOC_CITY_NAME_WHANGANUI,0
1284,CIVILIZATION_MAORI,,,LOC_CITY_NAME_KAWHIA,0
1285,CIVILIZATION_MAORI,,,LOC_CITY_NAME_TAUMUTU,0
1286,CIVILIZATION_MAORI,,,LOC_CITY_NAME_KAPITI,0
1287,CIVILIZATION_MAORI,,,LOC_CITY_NAME_TE_POKOHIWI,0
1288,CIVILIZATION_MAORI,,,LOC_CITY_NAME_OTATARA_PA,0
1289,CIVILIZATION_MAORI,,,LOC_CITY_NAME_MOTUPOHUE,0
1290,CIVILIZATION_MAORI,,,LOC_CITY_NAME_RUATORIA,0
1291,CIVILIZATION_MAORI,,,LOC_CITY_NAME_MAUNGAKIEKIE_PA,0
1292,CIVILIZATION_MAORI,,,LOC_CITY_NAME_TAUPIRI,0
1293,CIVILIZATION_MAORI,,,LOC_CITY_NAME_WHAINGAROA,0
1294,CIVILIZATION_MAORI,,,LOC_CITY_NAME_PUKEMAIRE,0
1295,CIVILIZATION_MAORI,,,LOC_CITY_NAME_PARI_RU,0
1296,CIVILIZATION_MAORI,,,LOC_CITY_NAME_OPOTIKI,0
1297,CIVILIZATION_MAORI,,,LOC_CITY_NAME_TAUMATAWHANA_PA,0
1298,CIVILIZATION_MAORI,,,LOC_CITY_NAME_WHANGANUI_A_TARA,0
1299,CIVILIZATION_MAORI,,,LOC_CITY_NAME_WAIMAPIHI_PA,0
1300,CIVILIZATION_MAORI,,,LOC_CITY_NAME_KORORIPO_PA,0
1301,CIVILIZATION_MAORI,,,LOC_CITY_NAME_MOTAKIORA,0
1302,CIVILIZATION_OTTOMAN,,,LOC_CITY_NAME_ISTANBUL,0
1303,CIVILIZATION_OTTOMAN,,,LOC_CITY_NAME_BURSA,0
1304,CIVILIZATION_OTTOMAN,,,LOC_CITY_NAME_EDIRNE,0
1305,CIVILIZATION_OTTOMAN,,,LOC_CITY_NAME_ANKARA,0
1306,CIVILIZATION_OTTOMAN,,,LOC_CITY_NAME_HALEP,0
1307,CIVILIZATION_OTTOMAN,,,LOC_CITY_NAME_KONYA,0
1308,CIVILIZATION_OTTOMAN,,,LOC_CITY_NAME_ADANA,0
1309,CIVILIZATION_OTTOMAN,,,LOC_CITY_NAME_TRABZON,0
1310,CIVILIZATION_OTTOMAN,,,LOC_CITY_NAME_SIVAS,0
1311,CIVILIZATION_OTTOMAN,,,LOC_CITY_NAME_IZMIR,0
1312,CIVILIZATION_OTTOMAN,,,LOC_CITY_NAME_ERZURUM,0
1313,CIVILIZATION_OTTOMAN,,,LOC_CITY_NAME_KAYSERI,0
1314,CIVILIZATION_OTTOMAN,,,LOC_CITY_NAME_AYDIN,0
1315,CIVILIZATION_OTTOMAN,,,LOC_CITY_NAME_TRABLUSGARP,0
1316,CIVILIZATION_OTTOMAN,,,LOC_CITY_NAME_URFA,0
1317,CIVILIZATION_OTTOMAN,,,LOC_CITY_NAME_AMASYA,0
1318,CIVILIZATION_OTTOMAN,,,LOC_CITY_NAME_CEZAYIR,0
1319,CIVILIZATION_OTTOMAN,,,LOC_CITY_NAME_MONASTIR,0
1320,CIVILIZATION_OTTOMAN,,,LOC_CITY_NAME_SINOP,0
1321,CIVILIZATION_OTTOMAN,,,LOC_CITY_NAME_ISKENDERUN,0
1322,CIVILIZATION_OTTOMAN,,,LOC_CITY_NAME_DIYARBEKIR,0
1323,CIVILIZATION_OTTOMAN,,,LOC_CITY_NAME_MARAS,0
1324,CIVILIZATION_OTTOMAN,,,LOC_CITY_NAME_AKSARAY,0
1325,CIVILIZATION_OTTOMAN,,,LOC_CITY_NAME_GELIBOLU,0
1326,CIVILIZATION_OTTOMAN,,,LOC_CITY_NAME_AINTAB,0
1327,CIVILIZATION_OTTOMAN,,,LOC_CITY_NAME_IZMIT,0
1328,CIVILIZATION_OTTOMAN,,,LOC_CITY_NAME_BOSNA_SARAY,0
1329,CIVILIZATION_OTTOMAN,,,LOC_CITY_NAME_MOCHA,0
1330,CIVILIZATION_OTTOMAN,,,LOC_CITY_NAME_VAN,0
1331,CIVILIZATION_OTTOMAN,,,LOC_CITY_NAME_SAMSUN,0
1332,CIVILIZATION_OTTOMAN,,,LOC_CITY_NAME_ESKISEHIR,0
1333,CIVILIZATION_OTTOMAN,,,LOC_CITY_NAME_SOGUT,0
1334,CIVILIZATION_OTTOMAN,,,LOC_CITY_NAME_TIRGOVISTE,0
1335,CIVILIZATION_PHOENICIA,,,LOC_CITY_NAME_TYRE,0
1336,CIVILIZATION_PHOENICIA,,,LOC_CITY_NAME_BYBLOS,0
1337,CIVILIZATION_PHOENICIA,,,LOC_CITY_NAME_SIDON,0
1338,CIVILIZATION_PHOENICIA,,,LOC_CITY_NAME_BIRUTA,0
1339,CIVILIZATION_PHOENICIA,,,LOC_CITY_NAME_UGARIT,0
1340,CIVILIZATION_PHOENICIA,,,LOC_CITY_NAME_KTY,0
1341,CIVILIZATION_PHOENICIA,,,LOC_CITY_NAME_AYNOOK,0
1342,CIVILIZATION_PHOENICIA,,,LOC_CITY_NAME_LPQY,0
1343,CIVILIZATION_PHOENICIA,,,LOC_CITY_NAME_CARTHAGE,0
1344,CIVILIZATION_PHOENICIA,,,LOC_CITY_NAME_ZIZ,0
1345,CIVILIZATION_PHOENICIA,,,LOC_CITY_NAME_UTICA,0
1346,CIVILIZATION_PHOENICIA,,,LOC_CITY_NAME_SBRT_N,0
1347,CIVILIZATION_PHOENICIA,,,LOC_CITY_NAME_MTW,0
1348,CIVILIZATION_PHOENICIA,,,LOC_CITY_NAME_LIXUS,0
1349,CIVILIZATION_PHOENICIA,,,LOC_CITY_NAME_NORA,0
1350,CIVILIZATION_PHOENICIA,,,LOC_CITY_NAME_AMRIT,0
1351,CIVILIZATION_PHOENICIA,,,LOC_CITY_NAME_OEA,0
1352,CIVILIZATION_PHOENICIA,,,LOC_CITY_NAME_GADIR,0
1353,CIVILIZATION_PHOENICIA,,,LOC_CITY_NAME_THAPSUS,0
1354,CIVILIZATION_PHOENICIA,,,LOC_CITY_NAME_MALAKA,0
1355,CIVILIZATION_PHOENICIA,,,LOC_CITY_NAME_KERKOUANE,0
1356,CIVILIZATION_PHOENICIA,,,LOC_CITY_NAME_ADRYMES,0
1357,CIVILIZATION_PHOENICIA,,,LOC_CITY_NAME_SEXI,0
1358,CIVILIZATION_PHOENICIA,,,LOC_CITY_NAME_HIPPONENSIS_SINUS,0
1359,CIVILIZATION_PHOENICIA,,,LOC_CITY_NAME_IBOSSIM,0
1360,CIVILIZATION_PHOENICIA,,,LOC_CITY_NAME_ONOBA,0
1361,CIVILIZATION_PHOENICIA,,,LOC_CITY_NAME_IOL,0
1362,CIVILIZATION_PHOENICIA,,,LOC_CITY_NAME_RUSUCURRU,0
1363,CIVILIZATION_PHOENICIA,,,LOC_CITY_NAME_MAGO,0
1364,CIVILIZATION_PHOENICIA,,,LOC_CITY_NAME_SALA,0
1365,CIVILIZATION_PHOENICIA,,,LOC_CITY_NAME_TAS_SILG,0
1366,CIVILIZATION_ROME,,,LOC_CITY_NAME_POMPEII,0
1367,CIVILIZATION_SWEDEN,,,LOC_CITY_NAME_STOCKHOLM,0
1368,CIVILIZATION_SWEDEN,,,LOC_CITY_NAME_GOTEBORG,0
1369,CIVILIZATION_SWEDEN,,,LOC_CITY_NAME_UPPSALA,0
1370,CIVILIZATION_SWEDEN,,,LOC_CITY_NAME_LINKOPING,0
1371,CIVILIZATION_SWEDEN,,,LOC_CITY_NAME_OREBRO,0
1372,CIVILIZATION_SWEDEN,,,LOC_CITY_NAME_VASTERAS,0
1373,CIVILIZATION_SWEDEN,,,LOC_CITY_NAME_JONKOPING,0
1374,CIVILIZATION_SWEDEN,,,LOC_CITY_NAME_NORRKOPING,0
1375,CIVILIZATION_SWEDEN,,,LOC_CITY_NAME_HELSINGBORG,0
1376,CIVILIZATION_SWEDEN,,,LOC_CITY_NAME_KARLSTAD,0
1377,CIVILIZATION_SWEDEN,,,LOC_CITY_NAME_LUND,0
1378,CIVILIZATION_SWEDEN,,,LOC_CITY_NAME_MALMO,0
1379,CIVILIZATION_SWEDEN,,,LOC_CITY_NAME_UMEA,0
1380,CIVILIZATION_SWEDEN,,,LOC_CITY_NAME_ABO,0
1381,CIVILIZATION_SWEDEN,,,LOC_CITY_NAME_HALMSTAD,0
1382,CIVILIZATION_SWEDEN,,,LOC_CITY_NAME_STRANGNAS,0
1383,CIVILIZATION_SWEDEN,,,LOC_CITY_NAME_KALMAR,0
1384,CIVILIZATION_SWEDEN,,,LOC_CITY_NAME_FALUN,0
1385,CIVILIZATION_SWEDEN,,,LOC_CITY_NAME_NYKOPING,0
1386,CIVILIZATION_SWEDEN,,,LOC_CITY_NAME_KARLSKRONA,0
1387,CIVILIZATION_SWEDEN,,,LOC_CITY_NAME_BORAS,0
1388,CIVILIZATION_SWEDEN,,,LOC_CITY_NAME_FORT_KRISTINA,0
1389,CIVILIZATION_SWEDEN,,,LOC_CITY_NAME_REVAL,0
1390,CIVILIZATION_SWEDEN,,,LOC_CITY_NAME_VASA,0
1391,CIVILIZATION_SWEDEN,,,LOC_CITY_NAME_OSTERSUND,0
1392,CIVILIZATION_SWEDEN,,,LOC_CITY_NAME_TORSHALLA,0
1393,CIVILIZATION_SWEDEN,,,LOC_CITY_NAME_KUNGALV,0
1394,CIVILIZATION_SWEDEN,,,LOC_CITY_NAME_VAXJO,0
1395,CIVILIZATION_SWEDEN,,,LOC_CITY_NAME_RIGA,0
1396,CIVILIZATION_SWEDEN,,,LOC_CITY_NAME_SUNDSVALL,0
1397,CIVILIZATION_SWEDEN,,,LOC_CITY_NAME_VASTERVIK,0
1398,CIVILIZATION_SWEDEN,,,LOC_CITY_NAME_GAVLE,0
1399,CIVILIZATION_SWEDEN,,,LOC_CITY_NAME_VIBORG,0
1400,CIVILIZATION_SWEDEN,,,LOC_CITY_NAME_HUDIKSVALL,0
1401,CIVILIZATION_SWEDEN,,,LOC_CITY_NAME_VISBY,0
1402,CIVILIZATION_SWEDEN,,,LOC_CITY_NAME_FORT_CAROLUSBORG,0
1403,CIVILIZATION_SWEDEN,,,LOC_CITY_NAME_AMAL,0
1404,CIVILIZATION_SWEDEN,,,LOC_CITY_NAME_TORNEA,0
1405,CIVILIZATION_SWEDEN,,,LOC_CITY_NAME_KINDA,0
1406,CIVILIZATION_AKKAD,,,LOC_CITY_NAME_AKKAD,0
1407,CIVILIZATION_BOLOGNA,,,LOC_CITY_NAME_BOLOGNA,0
1408,CIVILIZATION_CAHOKIA,,,LOC_CITY_NAME_CAHOKIA,0
1409,CIVILIZATION_CARDIFF,,,LOC_CITY_NAME_CARDIFF,0
1410,CIVILIZATION_FEZ,,,LOC_CITY_NAME_FEZ,0
1411,CIVILIZATION_MEXICO_CITY,,,LOC_CITY_NAME_MEXICO_CITY,0
1412,CIVILIZATION_NAZCA,,,LOC_CITY_NAME_NAZCA,0
1413,CIVILIZATION_NGAZARGAMU,,,LOC_CITY_NAME_NGAZARGAMU,0
1414,CIVILIZATION_RAPA_NUI,,,LOC_CITY_NAME_RAPA_NUI,0
1415,CIVILIZATION_KONGO,,,LOC_CITY_NAME_KABASA,0
1416,CIVILIZATION_CHINA,,,LOC_CITY_NAME_SHEN_DU,0
1417,CIVILIZATION_GRAN_COLOMBIA,,,LOC_CITY_NAME_BOGOTA,0
1418,CIVILIZATION_GRAN_COLOMBIA,,,LOC_CITY_NAME_CARACAS,0
1419,CIVILIZATION_GRAN_COLOMBIA,,,LOC_CITY_NAME_QUITO,0
1420,CIVILIZATION_GRAN_COLOMBIA,,,LOC_CITY_NAME_GUAYAQUIL,0
1421,CIVILIZATION_GRAN_COLOMBIA,,,LOC_CITY_NAME_MARACAIBO,0
1422,CIVILIZATION_GRAN_COLOMBIA,,,LOC_CITY_NAME_CARTAGENA_DE_INDIAS,0
1423,CIVILIZATION_GRAN_COLOMBIA,,,LOC_CITY_NAME_PANAMA,0
1424,CIVILIZATION_GRAN_COLOMBIA,,,LOC_CITY_NAME_POPAYAN,0
1425,CIVILIZATION_GRAN_COLOMBIA,,,LOC_CITY_NAME_CUENCA,0
1426,CIVILIZATION_GRAN_COLOMBIA,,,LOC_CITY_NAME_CUMANA,0
1427,CIVILIZATION_GRAN_COLOMBIA,,,LOC_CITY_NAME_BARINAS,0
1428,CIVILIZATION_GRAN_COLOMBIA,,,LOC_CITY_NAME_CALI,0
1429,CIVILIZATION_GRAN_COLOMBIA,,,LOC_CITY_NAME_VALENCIA_DE_CARABOBO,0
1430,CIVILIZATION_GRAN_COLOMBIA,,,LOC_CITY_NAME_SANTA_MARTA,0
1431,CIVILIZATION_GRAN_COLOMBIA,,,LOC_CITY_NAME_LOJA,0
1432,CIVILIZATION_GRAN_COLOMBIA,,,LOC_CITY_NAME_ANGOSTURA,0
1433,CIVILIZATION_GRAN_COLOMBIA,,,LOC_CITY_NAME_PASTO,0
1434,CIVILIZATION_GRAN_COLOMBIA,,,LOC_CITY_NAME_NUEVA_BARCELONA,0
1435,CIVILIZATION_GRAN_COLOMBIA,,,LOC_CITY_NAME_NEIVA,0
1436,CIVILIZATION_GRAN_COLOMBIA,,,LOC_CITY_NAME_MERIDA,0
1437,CIVILIZATION_GRAN_COLOMBIA,,,LOC_CITY_NAME_PORTOVIEJO,0
1438,CIVILIZATION_GRAN_COLOMBIA,,,LOC_CITY_NAME_RIOBAMBA,0
1439,CIVILIZATION_GRAN_COLOMBIA,,,LOC_CITY_NAME_IBARRA,0
1440,CIVILIZATION_GRAN_COLOMBIA,,,LOC_CITY_NAME_RIOHACHA,0
1441,CIVILIZATION_GRAN_COLOMBIA,,,LOC_CITY_NAME_QUIBDO,0
1442,CIVILIZATION_GRAN_COLOMBIA,,,LOC_CITY_NAME_NUEVA_PAMPLONA,0
1443,CIVILIZATION_GRAN_COLOMBIA,,,LOC_CITY_NAME_SANTIAGO_DE_VERAGUAS,0
1444,CIVILIZATION_GRAN_COLOMBIA,,,LOC_CITY_NAME_LA_ASUNCION,0
1445,CIVILIZATION_GRAN_COLOMBIA,,,LOC_CITY_NAME_ACHAGUAS,0
1446,CIVILIZATION_GRAN_COLOMBIA,,,LOC_CITY_NAME_HONDA,0
1447,CIVILIZATION_GRAN_COLOMBIA,,,LOC_CITY_NAME_SOCORRO,0
1448,CIVILIZATION_GRAN_COLOMBIA,,,LOC_CITY_NAME_MOMPOS,0
1449,CIVILIZATION_GRAN_COLOMBIA,,,LOC_CITY_NAME_TRUJILLO,0
1450,CIVILIZATION_GRAN_COLOMBIA,,,LOC_CITY_NAME_SANTA_FE_DE_ANTIOQUIA,0
1451,CIVILIZATION_GRAN_COLOMBIA,,,LOC_CITY_NAME_PORE,0
1452,CIVILIZATION_GRAN_COLOMBIA,,,LOC_CITY_NAME_CUCUTA,0
1453,CIVILIZATION_GRAN_COLOMBIA,,,LOC_CITY_NAME_MARIQUITA,0
1454,CIVILIZATION_GRAN_COLOMBIA,,,LOC_CITY_NAME_SAN_FERNANDO_DE_APURE,0
1455,CIVILIZATION_GRAN_COLOMBIA,,,LOC_CITY_NAME_MEDELLIN,0
1456,CIVILIZATION_GRAN_COLOMBIA,,,LOC_CITY_NAME_BARQUISIMETO,0
1457,CIVILIZATION_MAYA,,,LOC_CITY_NAME_NARANJO,0
1458,CIVILIZATION_MAYA,,,LOC_CITY_NAME_PALENQUE_MAYA,0
1459,CIVILIZATION_MAYA,,,LOC_CITY_NAME_TIKAL,0
1460,CIVILIZATION_MAYA,,,LOC_CITY_NAME_CHICHEN_ITZA,0
1461,CIVILIZATION_MAYA,,,LOC_CITY_NAME_UXMAL,0
1462,CIVILIZATION_MAYA,,,LOC_CITY_NAME_COPAN,0
1463,CIVILIZATION_MAYA,,,LOC_CITY_NAME_COBA,0
1464,CIVILIZATION_MAYA,,,LOC_CITY_NAME_EL_MIRADOR,0
1465,CIVILIZATION_MAYA,,,LOC_CITY_NAME_CALAKMUL,0
1466,CIVILIZATION_MAYA,,,LOC_CITY_NAME_XUNANTUNICH,0
1467,CIVILIZATION_MAYA,,,LOC_CITY_NAME_YAXCHILAN,0
1468,CIVILIZATION_MAYA,,,LOC_CITY_NAME_YOKIB,0
1469,CIVILIZATION_MAYA,,,LOC_CITY_NAME_QUIRIGUA,0
1470,CIVILIZATION_MAYA,,,LOC_CITY_NAME_UAXACTUN,0
1471,CIVILIZATION_MAYA,,,LOC_CITY_NAME_TONINA,0
1472,CIVILIZATION_MAYA,,,LOC_CITY_NAME_KAMINALJUYU,0
1473,CIVILIZATION_MAYA,,,LOC_CITY_NAME_UCANAL,0
1474,CIVILIZATION_MAYA,,,LOC_CITY_NAME_IZAPA,0
1475,CIVILIZATION_MAYA,,,LOC_CITY_NAME_COMALCALCO,0
1476,CIVILIZATION_MAYA,,,LOC_CITY_NAME_LAMANAI,0
1477,CIVILIZATION_MAYA,,,LOC_CITY_NAME_DZIBILCHALTUN,0
1478,CIVILIZATION_MAYA,,,LOC_CITY_NAME_EDZNA,0
1479,CIVILIZATION_MAYA,,,LOC_CITY_NAME_SACUL,0
1480,CIVILIZATION_MAYA,,,LOC_CITY_NAME_BECAN,0
1481,CIVILIZATION_MAYA,,,LOC_CITY_NAME_SAYIL,0
1482,CIVILIZATION_MAYA,,,LOC_CITY_NAME_MAYAPAN,0
1483,CIVILIZATION_MAYA,,,LOC_CITY_NAME_DOS_PILAS,0
1484,CIVILIZATION_MAYA,,,LOC_CITY_NAME_BONAMPAK,0
1485,CIVILIZATION_MAYA,,,LOC_CITY_NAME_KABAH,0
1486,CIVILIZATION_MAYA,,,LOC_CITY_NAME_SEIBA,0
1487,CIVILIZATION_MAYA,,,LOC_CITY_NAME_IZAMAL,0
1488,CIVILIZATION_MAYA,,,LOC_CITY_NAME_ALTAR_DE_SACRIFICIOS,0
1489,CIVILIZATION_MAYA,,,LOC_CITY_NAME_RIO_BEC,0
1490,CIVILIZATION_MAYA,,,LOC_CITY_NAME_MACHAQUILA,0
1491,CIVILIZATION_MAYA,,,LOC_CITY_NAME_XTAMPAK,0
1492,CIVILIZATION_MAYA,,,LOC_CITY_NAME_CHINKULTIC,0
1493,CIVILIZATION_MAYA,,,LOC_CITY_NAME_XPUHIL,0
1494,CIVILIZATION_CAGUANA,,,LOC_CITY_NAME_CAGUANA,0
1495,CIVILIZATION_HUNZA,,,LOC_CITY_NAME_HUNZA,0
1496,CIVILIZATION_LAHORE,,,LOC_CITY_NAME_LAHORE,0
1497,CIVILIZATION_SINGAPORE,,,LOC_CITY_NAME_SINGAPORE,0
1498,CIVILIZATION_TARUGA,,,LOC_CITY_NAME_TARUGA,0
1499,CIVILIZATION_VATICAN_CITY,,,LOC_CITY_NAME_VATICAN_CITY,0
1500,CIVILIZATION_BYZANTIUM,,,LOC_CITY_NAME_CONSTANTINOPLE,0
1501,CIVILIZATION_BYZANTIUM,,,LOC_CITY_NAME_THESSALONICA,0
1502,CIVILIZATION_BYZANTIUM,,,LOC_CITY_NAME_ADRIANOPLE,0
1503,CIVILIZATION_BYZANTIUM,,,LOC_CITY_NAME_NICAEA,0
1504,CIVILIZATION_BYZANTIUM,,,LOC_CITY_NAME_ANTIOCH_BYZANTIUM,0
1505,CIVILIZATION_BYZANTIUM,,,LOC_CITY_NAME_NICOMEDIA,0
1506,CIVILIZATION_BYZANTIUM,,,LOC_CITY_NAME_TREBIZOND,0
1507,CIVILIZATION_BYZANTIUM,,,LOC_CITY_NAME_ANCYRA,0
1508,CIVILIZATION_BYZANTIUM,,,LOC_CITY_NAME_EDESSA,0
1509,CIVILIZATION_BYZANTIUM,,,LOC_CITY_NAME_SINOPE,0
1510,CIVILIZATION_BYZANTIUM,,,LOC_CITY_NAME_AMASEIA,0
1511,CIVILIZATION_BYZANTIUM,,,LOC_CITY_NAME_CHERSON,0
1512,CIVILIZATION_BYZANTIUM,,,LOC_CITY_NAME_DYRRACHIUM,0
1513,CIVILIZATION_BYZANTIUM,,,LOC_CITY_NAME_NICOPOLIS,0
1514,CIVILIZATION_BYZANTIUM,,,LOC_CITY_NAME_SELEUCIA,0
1515,CIVILIZATION_BYZANTIUM,,,LOC_CITY_NAME_ICONIUM,0
1516,CIVILIZATION_BYZANTIUM,,,LOC_CITY_NAME_MELITENE,0
1517,CIVILIZATION_BYZANTIUM,,,LOC_CITY_NAME_BARI,0
1518,CIVILIZATION_BYZANTIUM,,,LOC_CITY_NAME_DORYLAEUM,0
1519,CIVILIZATION_BYZANTIUM,,,LOC_CITY_NAME_AMORIUM,0
1520,CIVILIZATION_BYZANTIUM,,,LOC_CITY_NAME_KOLONEIA,0
1521,CIVILIZATION_BYZANTIUM,,,LOC_CITY_NAME_TYANA,0
1522,CIVILIZATION_BYZANTIUM,,,LOC_CITY_NAME_ATTALEA,0
1523,CIVILIZATION_BYZANTIUM,,,LOC_CITY_NAME_SEBASTEIA,0
1524,CIVILIZATION_BYZANTIUM,,,LOC_CITY_NAME_THEODOSIOPOLIS,0
1525,CIVILIZATION_BYZANTIUM,,,LOC_CITY_NAME_MESEMBRIA,0
1526,CIVILIZATION_BYZANTIUM,,,LOC_CITY_NAME_ARCADIOPOLIS,0
1527,CIVILIZATION_BYZANTIUM,,,LOC_CITY_NAME_MOUNT_ATHOS,0
1528,CIVILIZATION_BYZANTIUM,,,LOC_CITY_NAME_DORYSTOLON,0
1529,CIVILIZATION_BYZANTIUM,,,LOC_CITY_NAME_ZARA,0
1530,CIVILIZATION_GAUL,,,LOC_CITY_NAME_ADUATUCA,0
1531,CIVILIZATION_GAUL,,,LOC_CITY_NAME_BIBRAX,0
1532,CIVILIZATION_GAUL,,,LOC_CITY_NAME_NOVIODUNUM,0
1533,CIVILIZATION_GAUL,,,LOC_CITY_NAME_SAMAROBRIVA,0
1534,CIVILIZATION_GAUL,,,LOC_CITY_NAME_DUROCORTERON,0
1535,CIVILIZATION_GAUL,,,LOC_CITY_NAME_RATUMACOS,0
1536,CIVILIZATION_GAUL,,,LOC_CITY_NAME_TERVANNA,0
1537,CIVILIZATION_GAUL,,,LOC_CITY_NAME_BAGACUM,0
1538,CIVILIZATION_GAUL,,,LOC_CITY_NAME_DIVODURUM,0
1539,CIVILIZATION_GAUL,,,LOC_CITY_NAME_ALESIA,0
1540,CIVILIZATION_GAUL,,,LOC_CITY_NAME_AVARICUM,0
1541,CIVILIZATION_GAUL,,,LOC_CITY_NAME_LISIEUX,0
1542,CIVILIZATION_GAUL,,,LOC_CITY_NAME_LUTETIA,0
1543,CIVILIZATION_GAUL,,,LOC_CITY_NAME_LUGUDUNON,0
1544,CIVILIZATION_GAUL,,,LOC_CITY_NAME_CENABUM,0
1545,CIVILIZATION_GAUL,,,LOC_CITY_NAME_MELEDUNUM,0
1546,CIVILIZATION_GAUL,,,LOC_CITY_NAME_TURONES,0
1547,CIVILIZATION_GAUL,,,LOC_CITY_NAME_AUTRICUM,0
1548,CIVILIZATION_GAUL,,,LOC_CITY_NAME_BIBRACTE,0
1549,CIVILIZATION_GAUL,,,LOC_CITY_NAME_DARIORITUM,0
1550,CIVILIZATION_GAUL,,,LOC_CITY_NAME_UXELLODUNUM,0
1551,CIVILIZATION_GAUL,,,LOC_CITY_NAME_GERGOVIA,0
1552,CIVILIZATION_GAUL,,,LOC_CITY_NAME_VESONTIO,0
1553,CIVILIZATION_GAUL,,,LOC_CITY_NAME_BRENODURUM,0
1554,CIVILIZATION_GAUL,,,LOC_CITY_NAME_CROCIATONUM,0
1555,CIVILIZATION_GAUL,,,LOC_CITY_NAME_AGEDINCUM,0
1556,CIVILIZATION_GAUL,,,LOC_CITY_NAME_LIMONUM,0
1557,CIVILIZATION_GAUL,,,LOC_CITY_NAME_ANDEMATUNNUM,0
1558,CIVILIZATION_GAUL,,,LOC_CITY_NAME_CONDATE,0
1559,CIVILIZATION_GAUL,,,LOC_CITY_NAME_AREGENUA,0
1560,CIVILIZATION_GAUL,,,LOC_CITY_NAME_ANICIUM,0
1561,CIVILIZATION_GAUL,,,LOC_CITY_NAME_RUSCINO,0
1562,CIVILIZATION_VIETNAM,,,LOC_CITY_HA_NOI,0
1563,CIVILIZATION_VIETNAM,,,LOC_CITY_HUE,0
1564,CIVILIZATION_VIETNAM,,,LOC_CITY_HOA_LU,0
1565,CIVILIZATION_VIETNAM,,,LOC_CITY_TRA_KIEU,0
1566,CIVILIZATION_VIETNAM,,,LOC_CITY_DONG_HOI,0
1567,CIVILIZATION_VIETNAM,,,LOC_CITY_QUANG_TRI,0
1568,CIVILIZATION_VIETNAM,,,LOC_CITY_DA_NANG,0
1569,CIVILIZATION_VIETNAM,,,LOC_CITY_CAN_THO,0
1570,CIVILIZATION_VIETNAM,,,LOC_CITY_BAC_LIEU,0
1571,CIVILIZATION_VIETNAM,,,LOC_CITY_HOI_AN,0
1572,CIVILIZATION_VIETNAM,,,LOC_CITY_MY_THO,0
1573,CIVILIZATION_VIETNAM,,,LOC_CITY_QUY_NHON,0
1574,CIVILIZATION_VIETNAM,,,LOC_CITY_SAI_GON,0
1575,CIVILIZATION_VIETNAM,,,LOC_CITY_DA_LAT,0
1576,CIVILIZATION_VIETNAM,,,LOC_CITY_HAI_PHONG,0
1577,CIVILIZATION_VIETNAM,,,LOC_CITY_BIEN_HOA,0
1578,CIVILIZATION_VIETNAM,,,LOC_CITY_NHA_TRANG,0
1579,CIVILIZATION_VIETNAM,,,LOC_CITY_RACH_GIA,0
1580,CIVILIZATION_VIETNAM,,,LOC_CITY_LONG_BIEN,0
1581,CIVILIZATION_VIETNAM,,,LOC_CITY_NAM_DINH,0
1582,CIVILIZATION_VIETNAM,,,LOC_CITY_VINH,0
1583,CIVILIZATION_VIETNAM,,,LOC_CITY_THAI_NGUYEN,0
1584,CIVILIZATION_VIETNAM,,,LOC_CITY_HA_LONG,0
1585,CIVILIZATION_VIETNAM,,,LOC_CITY_VUNG_TAU,0
1586,CIVILIZATION_VIETNAM,,,LOC_CITY_THANH_HOA,0
1587,CIVILIZATION_VIETNAM,,,LOC_CITY_BUON_MA_THUOT,0
1588,CIVILIZATION_VIETNAM,,,LOC_CITY_VIET_TRI,0
1589,CIVILIZATION_VIETNAM,,,LOC_CITY_HAI_DUONG,0
1590,CIVILIZATION_VIETNAM,,,LOC_CITY_THU_DAU_MOT,0
1591,CIVILIZATION_VIETNAM,,,LOC_CITY_BAC_NINH,0
1592,CIVILIZATION_VIETNAM,,,LOC_CITY_PHAN_THIET,0
1593,CIVILIZATION_VIETNAM,,,LOC_CITY_CA_MAU,0
1594,CIVILIZATION_VIETNAM,,,LOC_CITY_TUY_HOA,0
1595,CIVILIZATION_VIETNAM,,,LOC_CITY_LONG_XUYEN,0
1596,CIVILIZATION_VIETNAM,,,LOC_CITY_PHAN_RANG,0
1597,CIVILIZATION_VIETNAM,,,LOC_CITY_CHAU_DOC,0
1598,CIVILIZATION_VIETNAM,,,LOC_CITY_THAP_CHAM,0
1599,CIVILIZATION_VIETNAM,,,LOC_CITY_THAI_BINH,0
1600,CIVILIZATION_VIETNAM,,,LOC_CITY_CAM_PHA,0
1601,CIVILIZATION_VIETNAM,,,LOC_CITY_SA_DEC,0
1602,CIVILIZATION_VIETNAM,,,LOC_CITY_PLEIKU,0
1603,CIVILIZATION_PERSIA,,,LOC_CITY_NAME_MASHHAD,0
1604,CIVILIZATION_ETHIOPIA,,,LOC_CITY_NAME_ADDIS_ABABA,0
1605,CIVILIZATION_ETHIOPIA,,,LOC_CITY_NAME_GONDAR,0
1606,CIVILIZATION_ETHIOPIA,,,LOC_CITY_NAME_HARAR,0
1607,CIVILIZATION_ETHIOPIA,,,LOC_CITY_NAME_AXUM,0
1608,CIVILIZATION_ETHIOPIA,,,LOC_CITY_NAME_ADWA,0
1609,CIVILIZATION_ETHIOPIA,,,LOC_CITY_NAME_LALIBELA,0
1610,CIVILIZATION_ETHIOPIA,,,LOC_CITY_NAME_MEKELE,0
1611,CIVILIZATION_ETHIOPIA,,,LOC_CITY_NAME_DESSIE,0
1612,CIVILIZATION_ETHIOPIA,,,LOC_CITY_NAME_JIMMA,0
1613,CIVILIZATION_ETHIOPIA,,,LOC_CITY_NAME_SODO,0
1614,CIVILIZATION_ETHIOPIA,,,LOC_CITY_NAME_DIRE_DAWA,0
1615,CIVILIZATION_ETHIOPIA,,,LOC_CITY_NAME_ADIGRAT,0
1616,CIVILIZATION_ETHIOPIA,,,LOC_CITY_NAME_WELDIYA,0
1617,CIVILIZATION_ETHIOPIA,,,LOC_CITY_NAME_ANKOBER,0
1618,CIVILIZATION_ETHIOPIA,,,LOC_CITY_NAME_ALAMATA,0
1619,CIVILIZATION_ETHIOPIA,,,LOC_CITY_NAME_YIRGALEM,0
1620,CIVILIZATION_ETHIOPIA,,,LOC_CITY_NAME_GORE,0
1621,CIVILIZATION_ETHIOPIA,,,LOC_CITY_NAME_NEGELE_BORANA,0
1622,CIVILIZATION_ETHIOPIA,,,LOC_CITY_NAME_GINIR,0
1623,CIVILIZATION_ETHIOPIA,,,LOC_CITY_NAME_DEBARQ,0
1624,CIVILIZATION_ETHIOPIA,,,LOC_CITY_NAME_NEJO,0
1625,CIVILIZATION_ETHIOPIA,,,LOC_CITY_NAME_DEBRE_BERHAN,0
1626,CIVILIZATION_ETHIOPIA,,,LOC_CITY_NAME_ABIY_ADDI,0
1627,CIVILIZATION_ETHIOPIA,,,LOC_CITY_NAME_MERSA,0
1628,CIVILIZATION_ETHIOPIA,,,LOC_CITY_NAME_SOQOTA,0
1629,CIVILIZATION_ETHIOPIA,,,LOC_CITY_NAME_SAYINT_AJEBAR,0
1630,CIVILIZATION_ETHIOPIA,,,LOC_CITY_NAME_CHENCHA,0
1631,CIVILIZATION_ETHIOPIA,,,LOC_CITY_NAME_ANTALO,0
1632,CIVILIZATION_ETHIOPIA,,,LOC_CITY_NAME_YIFAT,0
1633,CIVILIZATION_ETHIOPIA,,,LOC_CITY_NAME_DABAT,0
1634,CIVILIZATION_ETHIOPIA,,,LOC_CITY_NAME_DEBRE_SINA,0
1635,CIVILIZATION_BABYLON_STK,,,LOC_CITY_NAME_BABYLON_STK,0
1636,CIVILIZATION_BABYLON_STK,,,LOC_CITY_NAME_BORSIPPA,0
1637,CIVILIZATION_BABYLON_STK,,,LOC_CITY_NAME_MASHKAN_SHAPIR,0
1638,CIVILIZATION_BABYLON_STK,,,LOC_CITY_NAME_ESHNUNNA,0
1639,CIVILIZATION_BABYLON_STK,,,LOC_CITY_NAME_MALGIUM,0
1640,CIVILIZATION_BABYLON_STK,,,LOC_CITY_NAME_DUR_KURIGALZU,0
1641,CIVILIZATION_BABYLON_STK,,,LOC_CITY_NAME_MARI,0
1642,CIVILIZATION_BABYLON_STK,,,LOC_CITY_NAME_KARKAR,0
1643,CIVILIZATION_BABYLON_STK,,,LOC_CITY_NAME_RAPIQUM,0
1644,CIVILIZATION_BABYLON_STK,,,LOC_CITY_NAME_DURMUTI,0
1645,CIVILIZATION_BABYLON_STK,,,LOC_CITY_NAME_TUTTUL,0
1646,CIVILIZATION_BABYLON_STK,,,LOC_CITY_NAME_KAR_SHAMASH,0
1647,CIVILIZATION_BABYLON_STK,,,LOC_CITY_NAME_OPIS,0
1648,CIVILIZATION_BABYLON_STK,,,LOC_CITY_NAME_SHADUPPUM,0
1649,CIVILIZATION_BABYLON_STK,,,LOC_CITY_NAME_NERIBTUM,0
1650,CIVILIZATION_BABYLON_STK,,,LOC_CITY_NAME_HARADUM,0
1651,CIVILIZATION_BABYLON_STK,,,LOC_CITY_NAME_ANA,0
1652,CIVILIZATION_BABYLON_STK,,,LOC_CITY_NAME_TUTUB,0
1653,CIVILIZATION_BABYLON_STK,,,LOC_CITY_NAME_HIT,0
1654,CIVILIZATION_BABYLON_STK,,,LOC_CITY_NAME_KAZALLU,0
1655,CIVILIZATION_BABYLON_STK,,,LOC_CITY_NAME_DINIKTUM,0
1656,CIVILIZATION_BABYLON_STK,,,LOC_CITY_NAME_DER,0
1657,CIVILIZATION_BABYLON_STK,,,LOC_CITY_NAME_NAMSUM,0
1658,CIVILIZATION_BABYLON_STK,,,LOC_CITY_NAME_TERQA,0
1659,CIVILIZATION_BABYLON_STK,,,LOC_CITY_NAME_HARBU,0
1660,CIVILIZATION_BABYLON_STK,,,LOC_CITY_NAME_KAKKULATUM,0
1661,CIVILIZATION_BABYLON_STK,,,LOC_CITY_NAME_ELIP,0
1662,CIVILIZATION_BABYLON_STK,,,LOC_CITY_NAME_YABLIYA,0
1663,CIVILIZATION_BABYLON_STK,,,LOC_CITY_NAME_HIRITUM,0
1664,CIVILIZATION_BABYLON_STK,,,LOC_CITY_NAME_TELL_WILAYA,0
1665,CIVILIZATION_AYUTTHAYA,,,LOC_CITY_NAME_AYUTTHAYA,0
1666,CIVILIZATION_CHINGUETTI,,,LOC_CITY_NAME_CHINGUETTI,0
1667,CIVILIZATION_JOHANNESBURG,,,LOC_CITY_NAME_JOHANNESBURG,0
1668,CIVILIZATION_NALANDA,,,LOC_CITY_NAME_NALANDA,0
1669,CIVILIZATION_SAMARKAND,,,LOC_CITY_NAME_SAMARKAND,0
1670,CIVILIZATION_WOLIN,,,LOC_CITY_NAME_WOLIN,0
1671,CIVILIZATION_GERMANY,,,LOC_CITY_NAME_MUNICH_CAPITAL,0
1672,CIVILIZATION_KOREA,,,LOC_CITY_NAME_SEOUL,0
1673,CIVILIZATION_PORTUGAL,,,LOC_CITY_NAME_LISBON_STK,0
1674,CIVILIZATION_PORTUGAL,,,LOC_CITY_NAME_PORTO,0
1675,CIVILIZATION_PORTUGAL,,,LOC_CITY_NAME_BRAGA,0
1676,CIVILIZATION_PORTUGAL,,,LOC_CITY_NAME_COIMBRA,0
1677,CIVILIZATION_PORTUGAL,,,LOC_CITY_NAME_VISEU,0
1678,CIVILIZATION_PORTUGAL,,,LOC_CITY_NAME_EVORA,0
1679,CIVILIZATION_PORTUGAL,,,LOC_CITY_NAME_FUNCHAL,0
1680,CIVILIZATION_PORTUGAL,,,LOC_CITY_NAME_FARO,0
1681,CIVILIZATION_PORTUGAL,,,LOC_CITY_NAME_GUARDA,0
1682,CIVILIZATION_PORTUGAL,,,LOC_CITY_NAME_BEJA,0
1683,CIVILIZATION_PORTUGAL,,,LOC_CITY_NAME_PONTA_DELGADA,0
1684,CIVILIZATION_PORTUGAL,,,LOC_CITY_NAME_LEIRIA,0
1685,CIVILIZATION_PORTUGAL,,,LOC_CITY_NAME_GUIMARAES,0
1686,CIVILIZATION_PORTUGAL,,,LOC_CITY_NAME_BRAGANCA,0
1687,CIVILIZATION_PORTUGAL,,,LOC_CITY_NAME_CIDADE_VELHA,0
1688,CIVILIZATION_PORTUGAL,,,LOC_CITY_NAME_TOMAR,0
1689,CIVILIZATION_PORTUGAL,,,LOC_CITY_NAME_PORTALEGRE,0
1690,CIVILIZATION_PORTUGAL,,,LOC_CITY_NAME_GOA,0
1691,CIVILIZATION_PORTUGAL,,,LOC_CITY_NAME_ELVAS,0
1692,CIVILIZATION_PORTUGAL,,,LOC_CITY_NAME_SILVES,0
1693,CIVILIZATION_PORTUGAL,,,LOC_CITY_NAME_TAVIRA,0
1694,CIVILIZATION_PORTUGAL,,,LOC_CITY_NAME_SAO_VICENTE,0
1695,CIVILIZATION_PORTUGAL,,,LOC_CITY_NAME_LAMEGO,0
1696,CIVILIZATION_PORTUGAL,,,LOC_CITY_NAME_MIRANDA_DO_DOURO,0
1697,CIVILIZATION_PORTUGAL,,,LOC_CITY_NAME_ANGRA,0
1698,CIVILIZATION_PORTUGAL,,,LOC_CITY_NAME_ALMADA,0
1699,CIVILIZATION_PORTUGAL,,,LOC_CITY_NAME_ALCOBACA,0
1700,CIVILIZATION_PORTUGAL,,,LOC_CITY_NAME_DIU,0
1701,CIVILIZATION_PORTUGAL,,,LOC_CITY_NAME_OURIQUE,0
1702,CIVILIZATION_PORTUGAL,,,LOC_CITY_NAME_SINTRA,0
1703,CIVILIZATION_PORTUGAL,,,LOC_CITY_NAME_CHAVES,0
1704,CIVILIZATION_PORTUGAL,,,LOC_CITY_NAME_LAGOS,0
1705,CIVILIZATION_PORTUGAL,,,LOC_CITY_NAME_ALANDROAL,0
