GossipType,VisibilityLevel,Description,Message,Filter,ErasUntilObsolete,LevelRequired,GroupType
GOSSIP_CONQUER_CITY,0,LOC_GOSSIPDESC_CONQUER_CITY,LOC_GOSSIP_CONQUER_CITY,1,0,0,MILITARY
GOSSIP_CREATE_PANTHEON,0,,LOC_GOSSIP_CREATE_PANTHEON,0,0,0,RELIGION
GOSSIP_FOUND_RELIGION,0,LOC_GOSSIPDESC_FOUND_RELIGION,LOC_GOSSIP_FOUND_RELIGION,0,0,0,RELIGION
GOSSIP_MAKE_DOW,0,LOC_GOSSIPDESC_MAKE_DOW,LOC_GOSSIP_MAKE_DOW,0,0,0,MILITARY
GOSSIP_RECEIVE_DOW,0,,LOC_GOSSIP_RECEIVE_DOW,1,0,0,MILITARY
GOSSIP_WMD_BUILT,4,LOC_GOSSIPDESC_WMD_BUILT,LOC_GOSSIP_WMD_BUILT,0,0,0,MILITARY
GOSSIP_WMD_STRIKE,0,LOC_GOSSIPDESC_WMD_STRIKE,LOC_GOSSIP_WMD_STRIKE,0,0,0,MILITARY
GOSSIP_SPACE_RACE_PROJECT_COMPLETED,0,LOC_GOSSIPDESC_SPACE_RACE_PROJECT_COMPLETED,LOC_GOSSIP_SPACE_RACE_PROJECT_COMPLETED,0,0,0,VICTORY
GOSSIP_ALLIED,1,LOC_GOSSIPDESC_ALLIED,LOC_GOSSIP_ALLIED,0,0,0,DIPLOMACY
GOSSIP_ANARCHY_BEGINS,1,,LOC_GOSSIP_ANARCHY_BEGINS,0,0,0,CULTURE
GOSSIP_CHANGE_GOVERNMENT,1,LOC_GOSSIPDESC_CHANGE_GOVERNMENT,LOC_GOSSIP_CHANGE_GOVERNMENT,0,0,0,CULTURE
GOSSIP_CITY_BESIEGED,1,,LOC_GOSSIP_CITY_BESIEGED,1,0,0,MILITARY
GOSSIP_CITY_LIBERATED,1,,LOC_GOSSIP_CITY_LIBERATED,1,0,0,MILITARY
GOSSIP_CITY_RAZED,1,,LOC_GOSSIP_CITY_RAZED,1,0,0,MILITARY
GOSSIP_CLEAR_CAMP,1,,LOC_GOSSIP_CLEAR_CAMP,1,0,0,MILITARY
GOSSIP_DECLARED_FRIENDSHIP,1,,LOC_GOSSIP_DECLARED_FRIENDSHIP,1,0,0,DIPLOMACY
GOSSIP_DELEGATION,1,,LOC_GOSSIP_DELEGATION,1,0,0,DIPLOMACY
GOSSIP_DENOUNCED,1,LOC_GOSSIPDESC_DENOUNCED,LOC_GOSSIP_DENOUNCED,0,0,0,DIPLOMACY
GOSSIP_FOUND_CITY,1,LOC_GOSSIPDESC_FOUND_CITY,LOC_GOSSIP_FOUND_CITY,1,0,0,SETTLEMENT
GOSSIP_PILLAGE,1,,LOC_GOSSIP_PILLAGE,1,0,0,MILITARY
GOSSIP_TRADE_DEAL,1,LOC_GOSSIPDESC_TRADE_DEAL,LOC_GOSSIP_TRADE_DEAL,1,0,0,DIPLOMACY
GOSSIP_TRADE_RENEGE,1,LOC_GOSSIPDESC_TRADE_RENEGE,LOC_GOSSIP_TRADE_RENEGE,1,0,0,DIPLOMACY
GOSSIP_TRAIN_UNIT,1,,LOC_GOSSIP_TRAIN_UNIT,1,1,0,MILITARY
GOSSIP_AGENDA_KUDOS,2,,LOC_GOSSIP_AGENDA_KUDOS,1,0,0,DIPLOMACY
GOSSIP_AGENDA_WARNING,2,,LOC_GOSSIP_AGENDA_WARNING,1,0,0,DIPLOMACY
GOSSIP_ARTIFACT_EXTRACTED,2,,LOC_GOSSIP_ARTIFACT_EXTRACTED,1,0,0,DISCOVER
GOSSIP_BARBARIAN_INVASION_STARTED,2,,LOC_GOSSIP_BARBARIAN_INVASION_STARTED,1,0,0,MILITARY
GOSSIP_BARBARIAN_RAID_STARTED,2,,LOC_GOSSIP_BARBARIAN_RAID_STARTED,1,0,0,MILITARY
GOSSIP_BEACH_RESORT_CREATED,2,,LOC_GOSSIP_BEACH_RESORT_CREATED,1,0,0,CITY
GOSSIP_CONSTRUCT_BUILDING,2,,LOC_GOSSIP_CONSTRUCT_BUILDING,1,1,0,CITY
GOSSIP_CONSTRUCT_DISTRICT,2,LOC_GOSSIPDESC_CONSTRUCT_DISTRICT,LOC_GOSSIP_CONSTRUCT_DISTRICT,1,1,0,CITY
GOSSIP_EMBASSY,2,,LOC_GOSSIP_EMBASSY,1,0,0,DIPLOMACY
GOSSIP_FIND_NATURAL_WONDER,2,,LOC_GOSSIP_FIND_NATURAL_WONDER,1,0,0,DISCOVER
GOSSIP_GREATPERSON_CREATED,2,LOC_GOSSIPDESC_GREATPERSON_CREATED,LOC_GOSSIP_GREATPERSON_CREATED,1,0,0,GREATPERSON
GOSSIP_INQUISITION_LAUNCHED,2,,LOC_GOSSIP_INQUISITION_LAUNCHED,1,0,0,RELIGION
GOSSIP_NATIONAL_PARK_CREATED,2,,LOC_GOSSIP_NATIONAL_PARK_CREATED,1,0,0,CULTURE
GOSSIP_POLICY_ENACTED,2,LOC_GOSSIPDESC_POLICY_ENACTED,LOC_GOSSIP_POLICY,1,1,0,CULTURE
GOSSIP_RELIC_RECEIVED,2,,LOC_GOSSIP_RELIC_RECEIVED,1,0,0,RELIGION
GOSSIP_WONDER_STARTED,2,LOC_GOSSIPDESC_WONDER_STARTED,LOC_GOSSIP_WONDER_STARTED,1,0,0,CITY
GOSSIP_CITY_STATE_INFLUENCE,3,LOC_GOSSIPDESC_CITY_STATE_INFLUENCE,LOC_GOSSIP_CITY_STATE_INFLUENCE,1,0,0,DIPLOMACY
GOSSIP_CULTUREVATE_CIVIC,3,LOC_GOSSIPDESC_CULTURVATE_CIVIC,LOC_GOSSIP_CULTUREVATE_CIVIC,1,1,0,CULTURE
GOSSIP_LAND_UNIT_LEVEL,3,,LOC_GOSSIP_LAND_UNIT_LEVEL,1,0,3,MILITARY
GOSSIP_NAVAL_UNIT_LEVEL,3,,LOC_GOSSIP_NAVAL_UNIT_LEVEL,1,0,3,MILITARY
GOSSIP_NEW_RELIGIOUS_MAJORITY,3,,LOC_GOSSIP_NEW_RELIGIOUS_MAJORITY,1,0,0,RELIGION
GOSSIP_RESEARCH_AGREEMENT,3,,LOC_GOSSIP_RESEARCH_AGREEMENT,1,0,0,SCIENCE
GOSSIP_RESEARCH_TECH,3,LOC_GOSSIPDESC_RESEARCH_TECH,LOC_GOSSIP_RESEARCH_TECH,1,1,0,SCIENCE
GOSSIP_SPY_DISRUPT_ROCKETRY,3,,LOC_GOSSIP_DISRUPT_ROCKETRY,1,0,0,ESPIONAGE
GOSSIP_SPY_GREAT_WORK_HEIST,3,,LOC_GOSSIP_GREAT_WORK_HEIST,1,0,0,ESPIONAGE
GOSSIP_SPY_SABOTAGE_PRODUCTION,3,,LOC_GOSSIP_SABOTAGE_PRODUCTION,1,0,0,ESPIONAGE
GOSSIP_TRAIN_SETTLER,3,LOC_GOSSIPDESC_TRAIN_SETTLER,LOC_GOSSIP_TRAIN_SETTLER,1,0,0,SETTLEMENT
GOSSIP_SPY_RECRUIT_PARTISANS,4,,LOC_GOSSIP_RECRUIT_PARTISANS,1,0,0,ESPIONAGE
GOSSIP_SPY_SIPHON_FUNDS,4,,LOC_GOSSIP_SIPHON_FUNDS,1,0,0,ESPIONAGE
GOSSIP_SPY_STEAL_TECH_BOOST,4,,LOC_GOSSIP_STEAL_TECH_BOOST,1,0,0,ESPIONAGE
GOSSIP_ATTACK_LAUNCHED,4,LOC_GOSSIPDESC_ATTACK_LAUNCHED,LOC_GOSSIP_LAUNCHING_ATTACK,1,0,0,MILITARY
GOSSIP_PROJECT_STARTED,4,LOC_GOSSIPDESC_PROJECT_STARTED,LOC_GOSSIP_PROJECT_STARTED,1,0,0,CITY
GOSSIP_VICTORY_STRATEGY_CHANGED,4,LOC_GOSSIPDESC_VICTORY_STRATEGY_CHANGED,LOC_GOSSIP_START_VICTORY_STRATEGY,1,0,0,VICTORY
GOSSIP_WAR_PREPARATION,4,LOC_GOSSIPDESC_WAR_PREPARATION,LOC_GOSSIP_WAR_PREPARATION,1,0,0,MILITARY
GOSSIP_SPY_FOMENT_UNREST,3,,LOC_GOSSIP_FOMENT_UNREST,1,0,0,ESPIONAGE
GOSSIP_SPY_NEUTRALIZE_GOVERNOR,3,,LOC_GOSSIP_NEUTRALIZE_GOVERNOR,1,0,0,ESPIONAGE
GOSSIP_POWERED_CITY,2,,LOC_GOSSIP_POWERED_CITY,1,0,0,CITY
GOSSIP_RANDOM_EVENT,2,,LOC_GOSSIP_RANDOM_EVENT,1,0,0,CLIMATE
GOSSIP_ROCK_CONCERT,2,,LOC_GOSSIP_ROCK_CONCERT,1,0,0,CULTURE
GOSSIP_SPY_BREACH_DAM,3,,LOC_GOSSIP_SPY_DAM_BREACHED_DETECTED,1,0,0,ESPIONAGE
GOSSIP_SPY_CAPTURED,2,,LOC_GOSSIP_SPY_CAPTURED,1,0,0,ESPIONAGE
